GGDENAME,Energieträger_Label,Anzahl
Aarberg,Elektrizität,48
Aarberg,Fernwärme,11
Aarberg,Gas,139
Aarberg,Geothermie,4
Aarberg,Heizöl,409
Aarberg,Holz,42
Aarberg,Keine,31
Aarberg,Luft,82
Aarberg,Weitere,179
Aarwangen,Elektrizität,43
Aarwangen,Fernwärme,16
Aarwangen,Gas,35
Aarwangen,Geothermie,8
Aarwangen,Heizöl,677
Aarwangen,Holz,126
Aarwangen,Keine,27
Aarwangen,Luft,50
Aarwangen,Sonne,2
Aarwangen,Weitere,274
Adelboden,Elektrizität,66
Adelboden,Fernwärme,26
Adelboden,Heizöl,1113
Adelboden,Holz,510
Adelboden,Keine,47
Adelboden,Luft,60
Adelboden,Sonne,6
Adelboden,Wasser,7
Adelboden,Weitere,37
Aefligen,Elektrizität,4
Aefligen,Fernwärme,6
Aefligen,Gas,134
Aefligen,Heizöl,99
Aefligen,Holz,26
Aefligen,Keine,4
Aefligen,Luft,19
Aefligen,Sonne,1
Aefligen,Weitere,58
Aegerten,Elektrizität,47
Aegerten,Geothermie,10
Aegerten,Heizöl,288
Aegerten,Holz,25
Aegerten,Keine,34
Aegerten,Luft,59
Aegerten,Sonne,3
Aegerten,Wasser,4
Aegerten,Weitere,89
Aeschi bei Spiez,Elektrizität,53
Aeschi bei Spiez,Fernwärme,4
Aeschi bei Spiez,Gas,4
Aeschi bei Spiez,Geothermie,5
Aeschi bei Spiez,Heizöl,334
Aeschi bei Spiez,Holz,183
Aeschi bei Spiez,Keine,32
Aeschi bei Spiez,Luft,41
Aeschi bei Spiez,Weitere,105
Affoltern im Emmental,Elektrizität,25
Affoltern im Emmental,Fernwärme,10
Affoltern im Emmental,Geothermie,4
Affoltern im Emmental,Heizöl,125
Affoltern im Emmental,Holz,163
Affoltern im Emmental,Keine,33
Affoltern im Emmental,Luft,19
Affoltern im Emmental,Sonne,4
Affoltern im Emmental,Weitere,33
Alchenstorf,Elektrizität,2
Alchenstorf,Fernwärme,27
Alchenstorf,Gas,1
Alchenstorf,Geothermie,3
Alchenstorf,Heizöl,59
Alchenstorf,Holz,53
Alchenstorf,Keine,24
Alchenstorf,Luft,14
Alchenstorf,Sonne,2
Alchenstorf,Weitere,30
Allmendingen,Elektrizität,25
Allmendingen,Gas,1
Allmendingen,Geothermie,12
Allmendingen,Heizöl,69
Allmendingen,Holz,27
Allmendingen,Keine,2
Allmendingen,Luft,21
Allmendingen,Weitere,14
Amsoldingen,Elektrizität,7
Amsoldingen,Gas,11
Amsoldingen,Geothermie,5
Amsoldingen,Heizöl,130
Amsoldingen,Holz,57
Amsoldingen,Keine,26
Amsoldingen,Luft,23
Amsoldingen,Sonne,1
Amsoldingen,Weitere,27
Arch,Elektrizität,30
Arch,Fernwärme,1
Arch,Gas,113
Arch,Geothermie,2
Arch,Heizöl,249
Arch,Holz,55
Arch,Keine,27
Arch,Luft,12
Arch,Sonne,2
Arch,Weitere,55
Arni (BE),Elektrizität,10
Arni (BE),Fernwärme,1
Arni (BE),Geothermie,7
Arni (BE),Heizöl,78
Arni (BE),Holz,166
Arni (BE),Keine,22
Arni (BE),Luft,24
Arni (BE),Sonne,1
Arni (BE),Weitere,10
Attiswil,Elektrizität,21
Attiswil,Fernwärme,1
Attiswil,Gas,1
Attiswil,Heizöl,309
Attiswil,Holz,47
Attiswil,Keine,12
Attiswil,Luft,50
Attiswil,Sonne,1
Attiswil,Weitere,61
Auswil,Elektrizität,6
Auswil,Fernwärme,2
Auswil,Gas,1
Auswil,Heizöl,45
Auswil,Holz,60
Auswil,Keine,4
Auswil,Luft,12
Auswil,Sonne,1
Auswil,Weitere,22
Bannwil,Elektrizität,21
Bannwil,Fernwärme,1
Bannwil,Geothermie,1
Bannwil,Heizöl,109
Bannwil,Holz,38
Bannwil,Keine,19
Bannwil,Luft,32
Bannwil,Sonne,2
Bannwil,Weitere,44
Bargen (BE),Elektrizität,2
Bargen (BE),Fernwärme,1
Bargen (BE),Gas,16
Bargen (BE),Geothermie,2
Bargen (BE),Heizöl,152
Bargen (BE),Holz,52
Bargen (BE),Keine,14
Bargen (BE),Luft,47
Bargen (BE),Wasser,1
Bargen (BE),Weitere,58
Beatenberg,Elektrizität,73
Beatenberg,Fernwärme,1
Beatenberg,Gas,1
Beatenberg,Heizöl,337
Beatenberg,Holz,232
Beatenberg,Keine,11
Beatenberg,Luft,66
Beatenberg,Sonne,7
Beatenberg,Weitere,20
Bellmund,Elektrizität,20
Bellmund,Gas,4
Bellmund,Geothermie,8
Bellmund,Heizöl,248
Bellmund,Holz,38
Bellmund,Keine,16
Bellmund,Luft,49
Bellmund,Sonne,2
Bellmund,Weitere,118
Belp,Elektrizität,87
Belp,Fernwärme,74
Belp,Gas,44
Belp,Geothermie,39
Belp,Heizöl,1196
Belp,Holz,265
Belp,Keine,83
Belp,Luft,72
Belp,Sonne,2
Belp,Weitere,322
Belprahon,Elektrizität,15
Belprahon,Heizöl,80
Belprahon,Holz,17
Belprahon,Keine,4
Belprahon,Luft,12
Belprahon,Weitere,11
Berken,Elektrizität,1
Berken,Heizöl,5
Berken,Holz,11
Berken,Keine,2
Berken,Luft,1
Berken,Weitere,2
Bern,Elektrizität,202
Bern,Fernwärme,1490
Bern,Gas,7234
Bern,Geothermie,469
Bern,Heizöl,4950
Bern,Holz,466
Bern,Keine,129
Bern,Luft,559
Bern,Sonne,8
Bern,Wasser,8
Bern,Weitere,535
Bettenhausen,Elektrizität,24
Bettenhausen,Fernwärme,10
Bettenhausen,Gas,46
Bettenhausen,Geothermie,1
Bettenhausen,Heizöl,64
Bettenhausen,Holz,45
Bettenhausen,Keine,3
Bettenhausen,Luft,21
Bettenhausen,Weitere,26
Biel/Bienne,Elektrizität,134
Biel/Bienne,Fernwärme,221
Biel/Bienne,Gas,3972
Biel/Bienne,Geothermie,20
Biel/Bienne,Heizöl,2221
Biel/Bienne,Holz,158
Biel/Bienne,Keine,1838
Biel/Bienne,Luft,201
Biel/Bienne,Sonne,5
Biel/Bienne,Wasser,32
Biel/Bienne,Weitere,302
Biglen,Elektrizität,18
Biglen,Gas,3
Biglen,Geothermie,3
Biglen,Heizöl,248
Biglen,Holz,73
Biglen,Keine,15
Biglen,Luft,16
Biglen,Sonne,3
Biglen,Wasser,1
Biglen,Weitere,88
Bleienbach,Elektrizität,11
Bleienbach,Gas,3
Bleienbach,Geothermie,4
Bleienbach,Heizöl,99
Bleienbach,Holz,59
Bleienbach,Keine,1
Bleienbach,Luft,35
Bleienbach,Sonne,1
Bleienbach,Wasser,1
Bleienbach,Weitere,38
Blumenstein,Elektrizität,11
Blumenstein,Fernwärme,12
Blumenstein,Geothermie,1
Blumenstein,Heizöl,166
Blumenstein,Holz,133
Blumenstein,Keine,20
Blumenstein,Luft,15
Blumenstein,Sonne,3
Blumenstein,Weitere,39
Bolligen,Elektrizität,96
Bolligen,Fernwärme,314
Bolligen,Gas,1
Bolligen,Geothermie,61
Bolligen,Heizöl,674
Bolligen,Holz,145
Bolligen,Keine,35
Bolligen,Luft,66
Bolligen,Weitere,250
Boltigen,Elektrizität,44
Boltigen,Fernwärme,8
Boltigen,Heizöl,197
Boltigen,Holz,333
Boltigen,Keine,40
Boltigen,Luft,22
Boltigen,Sonne,4
Boltigen,Weitere,11
Bowil,Elektrizität,11
Bowil,Fernwärme,10
Bowil,Gas,2
Bowil,Geothermie,1
Bowil,Heizöl,133
Bowil,Holz,216
Bowil,Keine,14
Bowil,Luft,22
Bowil,Sonne,1
Bowil,Weitere,27
Bremgarten bei Bern,Elektrizität,98
Bremgarten bei Bern,Fernwärme,66
Bremgarten bei Bern,Gas,87
Bremgarten bei Bern,Geothermie,47
Bremgarten bei Bern,Heizöl,558
Bremgarten bei Bern,Holz,67
Bremgarten bei Bern,Keine,4
Bremgarten bei Bern,Luft,69
Bremgarten bei Bern,Sonne,1
Bremgarten bei Bern,Wasser,1
Bremgarten bei Bern,Weitere,127
Brenzikofen,Elektrizität,16
Brenzikofen,Fernwärme,1
Brenzikofen,Geothermie,2
Brenzikofen,Heizöl,63
Brenzikofen,Holz,40
Brenzikofen,Keine,4
Brenzikofen,Luft,11
Brenzikofen,Weitere,19
Brienz (BE),Elektrizität,85
Brienz (BE),Fernwärme,24
Brienz (BE),Gas,5
Brienz (BE),Geothermie,1
Brienz (BE),Heizöl,698
Brienz (BE),Holz,501
Brienz (BE),Keine,73
Brienz (BE),Luft,58
Brienz (BE),Sonne,1
Brienz (BE),Weitere,160
Brienzwiler,Elektrizität,5
Brienzwiler,Heizöl,135
Brienzwiler,Holz,144
Brienzwiler,Keine,7
Brienzwiler,Luft,9
Brienzwiler,Wasser,1
Brienzwiler,Weitere,22
Brügg,Elektrizität,59
Brügg,Fernwärme,11
Brügg,Gas,48
Brügg,Geothermie,9
Brügg,Heizöl,446
Brügg,Holz,69
Brügg,Keine,13
Brügg,Luft,35
Brügg,Sonne,1
Brügg,Weitere,136
Brüttelen,Elektrizität,11
Brüttelen,Geothermie,13
Brüttelen,Heizöl,97
Brüttelen,Holz,37
Brüttelen,Keine,11
Brüttelen,Luft,26
Brüttelen,Sonne,1
Brüttelen,Weitere,25
Buchholterberg,Elektrizität,30
Buchholterberg,Fernwärme,4
Buchholterberg,Geothermie,7
Buchholterberg,Heizöl,156
Buchholterberg,Holz,212
Buchholterberg,Keine,23
Buchholterberg,Luft,37
Buchholterberg,Sonne,5
Buchholterberg,Weitere,30
Burgdorf,Elektrizität,48
Burgdorf,Fernwärme,58
Burgdorf,Gas,1410
Burgdorf,Geothermie,26
Burgdorf,Heizöl,1036
Burgdorf,Holz,195
Burgdorf,Keine,305
Burgdorf,Luft,214
Burgdorf,Sonne,23
Burgdorf,Wasser,16
Burgdorf,Weitere,215
Burgistein,Elektrizität,53
Burgistein,Fernwärme,14
Burgistein,Gas,3
Burgistein,Geothermie,2
Burgistein,Heizöl,187
Burgistein,Holz,112
Burgistein,Keine,2
Burgistein,Luft,27
Burgistein,Weitere,25
Busswil bei Melchnau,Elektrizität,5
Busswil bei Melchnau,Heizöl,21
Busswil bei Melchnau,Holz,36
Busswil bei Melchnau,Keine,1
Busswil bei Melchnau,Luft,3
Busswil bei Melchnau,Weitere,13
Bäriswil,Elektrizität,16
Bäriswil,Fernwärme,24
Bäriswil,Geothermie,11
Bäriswil,Heizöl,179
Bäriswil,Holz,28
Bäriswil,Keine,5
Bäriswil,Luft,42
Bäriswil,Weitere,62
Bätterkinden,Elektrizität,108
Bätterkinden,Fernwärme,1
Bätterkinden,Gas,168
Bätterkinden,Geothermie,9
Bätterkinden,Heizöl,338
Bätterkinden,Holz,72
Bätterkinden,Keine,15
Bätterkinden,Luft,58
Bätterkinden,Sonne,1
Bätterkinden,Weitere,183
Bönigen,Elektrizität,55
Bönigen,Fernwärme,14
Bönigen,Gas,114
Bönigen,Geothermie,3
Bönigen,Heizöl,365
Bönigen,Holz,70
Bönigen,Keine,19
Bönigen,Luft,71
Bönigen,Sonne,2
Bönigen,Wasser,2
Bönigen,Weitere,112
Büetigen,Elektrizität,5
Büetigen,Fernwärme,71
Büetigen,Gas,2
Büetigen,Geothermie,1
Büetigen,Heizöl,122
Büetigen,Holz,21
Büetigen,Keine,12
Büetigen,Luft,28
Büetigen,Sonne,1
Büetigen,Weitere,42
Bühl,Elektrizität,14
Bühl,Geothermie,1
Bühl,Heizöl,83
Bühl,Holz,20
Bühl,Keine,8
Bühl,Luft,8
Bühl,Wasser,1
Bühl,Weitere,37
Büren an der Aare,Elektrizität,65
Büren an der Aare,Fernwärme,18
Büren an der Aare,Gas,110
Büren an der Aare,Geothermie,6
Büren an der Aare,Heizöl,501
Büren an der Aare,Holz,59
Büren an der Aare,Keine,19
Büren an der Aare,Luft,36
Büren an der Aare,Sonne,2
Büren an der Aare,Wasser,1
Büren an der Aare,Weitere,128
Champoz,Elektrizität,1
Champoz,Heizöl,30
Champoz,Holz,35
Champoz,Keine,6
Champoz,Luft,1
Champoz,Weitere,9
Corcelles (BE),Elektrizität,4
Corcelles (BE),Heizöl,45
Corcelles (BE),Holz,22
Corcelles (BE),Keine,3
Corcelles (BE),Luft,2
Corcelles (BE),Weitere,11
Corgémont,Elektrizität,29
Corgémont,Fernwärme,74
Corgémont,Gas,1
Corgémont,Geothermie,1
Corgémont,Heizöl,247
Corgémont,Holz,68
Corgémont,Keine,9
Corgémont,Luft,38
Corgémont,Weitere,68
Cormoret,Elektrizität,9
Cormoret,Heizöl,122
Cormoret,Holz,33
Cormoret,Keine,5
Cormoret,Luft,5
Cormoret,Sonne,1
Cormoret,Weitere,7
Cortébert,Elektrizität,12
Cortébert,Fernwärme,2
Cortébert,Heizöl,141
Cortébert,Holz,49
Cortébert,Keine,5
Cortébert,Luft,18
Cortébert,Sonne,1
Cortébert,Wasser,1
Cortébert,Weitere,14
Court,Elektrizität,18
Court,Gas,1
Court,Heizöl,343
Court,Holz,64
Court,Keine,48
Court,Luft,18
Court,Sonne,2
Court,Weitere,44
Courtelary,Elektrizität,18
Courtelary,Fernwärme,24
Courtelary,Gas,4
Courtelary,Geothermie,1
Courtelary,Heizöl,253
Courtelary,Holz,70
Courtelary,Keine,14
Courtelary,Luft,14
Courtelary,Sonne,2
Courtelary,Weitere,92
Crémines,Elektrizität,11
Crémines,Geothermie,1
Crémines,Heizöl,121
Crémines,Holz,51
Crémines,Keine,6
Crémines,Luft,20
Crémines,Sonne,1
Crémines,Weitere,8
Deisswil bei Münchenbuchsee,Elektrizität,1
Deisswil bei Münchenbuchsee,Fernwärme,5
Deisswil bei Münchenbuchsee,Holz,18
Deisswil bei Münchenbuchsee,Keine,3
Deisswil bei Münchenbuchsee,Luft,1
Deisswil bei Münchenbuchsee,Wasser,1
Deisswil bei Münchenbuchsee,Weitere,2
Diemtigen,Elektrizität,53
Diemtigen,Fernwärme,31
Diemtigen,Gas,1
Diemtigen,Heizöl,326
Diemtigen,Holz,600
Diemtigen,Keine,243
Diemtigen,Luft,35
Diemtigen,Sonne,1
Diemtigen,Wasser,1
Diemtigen,Weitere,112
Diessbach bei Büren,Elektrizität,10
Diessbach bei Büren,Fernwärme,2
Diessbach bei Büren,Gas,2
Diessbach bei Büren,Geothermie,2
Diessbach bei Büren,Heizöl,172
Diessbach bei Büren,Holz,43
Diessbach bei Büren,Keine,2
Diessbach bei Büren,Luft,22
Diessbach bei Büren,Weitere,63
Dotzigen,Elektrizität,22
Dotzigen,Fernwärme,9
Dotzigen,Gas,4
Dotzigen,Geothermie,1
Dotzigen,Heizöl,206
Dotzigen,Holz,43
Dotzigen,Keine,16
Dotzigen,Luft,52
Dotzigen,Sonne,1
Dotzigen,Wasser,2
Dotzigen,Weitere,79
Därligen,Elektrizität,8
Därligen,Heizöl,92
Därligen,Holz,50
Därligen,Keine,9
Därligen,Luft,13
Därligen,Sonne,1
Därligen,Weitere,12
Därstetten,Elektrizität,9
Därstetten,Fernwärme,12
Därstetten,Gas,1
Därstetten,Geothermie,1
Därstetten,Heizöl,110
Därstetten,Holz,145
Därstetten,Keine,60
Därstetten,Luft,20
Därstetten,Weitere,31
Dürrenroth,Elektrizität,23
Dürrenroth,Fernwärme,1
Dürrenroth,Gas,4
Dürrenroth,Geothermie,3
Dürrenroth,Heizöl,99
Dürrenroth,Holz,198
Dürrenroth,Keine,15
Dürrenroth,Luft,14
Dürrenroth,Sonne,2
Dürrenroth,Wasser,1
Dürrenroth,Weitere,40
Eggiwil,Elektrizität,26
Eggiwil,Fernwärme,4
Eggiwil,Geothermie,1
Eggiwil,Heizöl,164
Eggiwil,Holz,537
Eggiwil,Keine,11
Eggiwil,Luft,15
Eggiwil,Sonne,1
Eggiwil,Wasser,2
Eggiwil,Weitere,59
Epsach,Elektrizität,5
Epsach,Heizöl,49
Epsach,Holz,27
Epsach,Keine,2
Epsach,Luft,13
Epsach,Weitere,18
Eriswil,Elektrizität,14
Eriswil,Fernwärme,3
Eriswil,Gas,1
Eriswil,Geothermie,1
Eriswil,Heizöl,155
Eriswil,Holz,232
Eriswil,Keine,11
Eriswil,Luft,22
Eriswil,Weitere,29
Eriz,Elektrizität,15
Eriz,Fernwärme,2
Eriz,Gas,1
Eriz,Heizöl,62
Eriz,Holz,123
Eriz,Keine,8
Eriz,Luft,13
Eriz,Sonne,3
Eriz,Weitere,10
Erlach,Elektrizität,38
Erlach,Fernwärme,2
Erlach,Gas,3
Erlach,Geothermie,9
Erlach,Heizöl,255
Erlach,Holz,38
Erlach,Keine,32
Erlach,Luft,40
Erlach,Sonne,4
Erlach,Weitere,43
Erlenbach im Simmental,Elektrizität,34
Erlenbach im Simmental,Fernwärme,58
Erlenbach im Simmental,Geothermie,4
Erlenbach im Simmental,Heizöl,187
Erlenbach im Simmental,Holz,283
Erlenbach im Simmental,Keine,35
Erlenbach im Simmental,Luft,38
Erlenbach im Simmental,Sonne,2
Erlenbach im Simmental,Weitere,64
Ersigen,Elektrizität,63
Ersigen,Fernwärme,9
Ersigen,Gas,43
Ersigen,Geothermie,8
Ersigen,Heizöl,264
Ersigen,Holz,171
Ersigen,Keine,6
Ersigen,Luft,37
Ersigen,Sonne,2
Ersigen,Wasser,3
Ersigen,Weitere,64
Eschert,Elektrizität,8
Eschert,Geothermie,2
Eschert,Heizöl,85
Eschert,Holz,17
Eschert,Keine,4
Eschert,Luft,14
Eschert,Weitere,11
Evilard,Elektrizität,29
Evilard,Fernwärme,6
Evilard,Gas,322
Evilard,Geothermie,2
Evilard,Heizöl,230
Evilard,Holz,51
Evilard,Keine,16
Evilard,Luft,34
Evilard,Sonne,1
Evilard,Weitere,48
Fahrni,Elektrizität,14
Fahrni,Gas,2
Fahrni,Geothermie,4
Fahrni,Heizöl,54
Fahrni,Holz,95
Fahrni,Keine,8
Fahrni,Luft,12
Fahrni,Sonne,2
Fahrni,Weitere,41
Farnern,Elektrizität,19
Farnern,Fernwärme,2
Farnern,Heizöl,55
Farnern,Holz,22
Farnern,Keine,7
Farnern,Luft,4
Farnern,Sonne,1
Farnern,Weitere,7
Ferenbalm,Elektrizität,31
Ferenbalm,Fernwärme,1
Ferenbalm,Geothermie,6
Ferenbalm,Heizöl,206
Ferenbalm,Holz,80
Ferenbalm,Keine,14
Ferenbalm,Luft,24
Ferenbalm,Sonne,1
Ferenbalm,Wasser,2
Ferenbalm,Weitere,67
Finsterhennen,Elektrizität,8
Finsterhennen,Geothermie,5
Finsterhennen,Heizöl,94
Finsterhennen,Holz,7
Finsterhennen,Keine,4
Finsterhennen,Luft,13
Finsterhennen,Weitere,28
Forst-Längenbühl,Elektrizität,13
Forst-Längenbühl,Fernwärme,2
Forst-Längenbühl,Gas,11
Forst-Längenbühl,Heizöl,62
Forst-Längenbühl,Holz,70
Forst-Längenbühl,Keine,19
Forst-Längenbühl,Luft,12
Forst-Längenbühl,Sonne,10
Forst-Längenbühl,Weitere,31
Fraubrunnen,Elektrizität,100
Fraubrunnen,Fernwärme,60
Fraubrunnen,Gas,9
Fraubrunnen,Geothermie,27
Fraubrunnen,Heizöl,634
Fraubrunnen,Holz,247
Fraubrunnen,Keine,35
Fraubrunnen,Luft,108
Fraubrunnen,Sonne,4
Fraubrunnen,Wasser,26
Fraubrunnen,Weitere,362
Frauenkappelen,Elektrizität,31
Frauenkappelen,Fernwärme,5
Frauenkappelen,Gas,1
Frauenkappelen,Geothermie,12
Frauenkappelen,Heizöl,168
Frauenkappelen,Holz,66
Frauenkappelen,Keine,6
Frauenkappelen,Luft,21
Frauenkappelen,Sonne,2
Frauenkappelen,Weitere,33
Freimettigen,Elektrizität,2
Freimettigen,Fernwärme,4
Freimettigen,Gas,3
Freimettigen,Geothermie,1
Freimettigen,Heizöl,31
Freimettigen,Holz,32
Freimettigen,Keine,2
Freimettigen,Luft,7
Freimettigen,Weitere,16
Frutigen,Elektrizität,197
Frutigen,Fernwärme,87
Frutigen,Gas,1
Frutigen,Geothermie,9
Frutigen,Heizöl,867
Frutigen,Holz,686
Frutigen,Keine,194
Frutigen,Luft,81
Frutigen,Sonne,6
Frutigen,Wasser,2
Frutigen,Weitere,215
Gals,Elektrizität,11
Gals,Fernwärme,24
Gals,Gas,1
Gals,Geothermie,7
Gals,Heizöl,110
Gals,Holz,25
Gals,Keine,16
Gals,Luft,26
Gals,Weitere,61
Gampelen,Elektrizität,23
Gampelen,Fernwärme,3
Gampelen,Gas,10
Gampelen,Geothermie,3
Gampelen,Heizöl,135
Gampelen,Holz,37
Gampelen,Keine,41
Gampelen,Luft,35
Gampelen,Weitere,52
Gerzensee,Elektrizität,23
Gerzensee,Fernwärme,7
Gerzensee,Gas,6
Gerzensee,Geothermie,10
Gerzensee,Heizöl,149
Gerzensee,Holz,71
Gerzensee,Keine,27
Gerzensee,Luft,22
Gerzensee,Sonne,2
Gerzensee,Weitere,81
Gondiswil,Elektrizität,16
Gondiswil,Geothermie,2
Gondiswil,Heizöl,77
Gondiswil,Holz,121
Gondiswil,Keine,12
Gondiswil,Luft,7
Gondiswil,Weitere,29
Graben,Elektrizität,9
Graben,Fernwärme,2
Graben,Geothermie,1
Graben,Heizöl,29
Graben,Holz,38
Graben,Keine,6
Graben,Luft,6
Graben,Sonne,1
Graben,Weitere,25
Grandval,Elektrizität,9
Grandval,Fernwärme,1
Grandval,Gas,1
Grandval,Heizöl,70
Grandval,Holz,42
Grandval,Keine,5
Grandval,Luft,7
Grandval,Sonne,3
Grandval,Weitere,24
Grindelwald,Elektrizität,201
Grindelwald,Fernwärme,122
Grindelwald,Gas,1
Grindelwald,Heizöl,1129
Grindelwald,Holz,496
Grindelwald,Keine,126
Grindelwald,Luft,122
Grindelwald,Sonne,5
Grindelwald,Wasser,2
Grindelwald,Weitere,80
Grossaffoltern,Elektrizität,36
Grossaffoltern,Fernwärme,14
Grossaffoltern,Gas,5
Grossaffoltern,Geothermie,25
Grossaffoltern,Heizöl,525
Grossaffoltern,Holz,162
Grossaffoltern,Keine,11
Grossaffoltern,Luft,120
Grossaffoltern,Sonne,3
Grossaffoltern,Weitere,145
Grosshöchstetten,Elektrizität,106
Grosshöchstetten,Fernwärme,8
Grosshöchstetten,Gas,9
Grosshöchstetten,Geothermie,29
Grosshöchstetten,Heizöl,489
Grosshöchstetten,Holz,117
Grosshöchstetten,Keine,15
Grosshöchstetten,Luft,79
Grosshöchstetten,Sonne,3
Grosshöchstetten,Weitere,146
Gsteig,Elektrizität,8
Gsteig,Fernwärme,13
Gsteig,Gas,47
Gsteig,Heizöl,185
Gsteig,Holz,152
Gsteig,Keine,29
Gsteig,Luft,14
Gsteig,Sonne,2
Gsteig,Weitere,19
Gsteigwiler,Elektrizität,18
Gsteigwiler,Fernwärme,16
Gsteigwiler,Gas,1
Gsteigwiler,Heizöl,75
Gsteigwiler,Holz,65
Gsteigwiler,Keine,45
Gsteigwiler,Luft,10
Gsteigwiler,Weitere,8
Guggisberg,Elektrizität,46
Guggisberg,Fernwärme,23
Guggisberg,Gas,2
Guggisberg,Geothermie,8
Guggisberg,Heizöl,187
Guggisberg,Holz,388
Guggisberg,Keine,13
Guggisberg,Luft,16
Guggisberg,Sonne,1
Guggisberg,Weitere,18
Gurbrü,Elektrizität,6
Gurbrü,Fernwärme,1
Gurbrü,Heizöl,35
Gurbrü,Holz,18
Gurbrü,Keine,4
Gurbrü,Luft,7
Gurbrü,Weitere,17
Gurzelen,Elektrizität,2
Gurzelen,Fernwärme,6
Gurzelen,Gas,2
Gurzelen,Geothermie,4
Gurzelen,Heizöl,109
Gurzelen,Holz,80
Gurzelen,Keine,17
Gurzelen,Luft,19
Gurzelen,Sonne,1
Gurzelen,Wasser,1
Gurzelen,Weitere,15
Guttannen,Elektrizität,15
Guttannen,Heizöl,40
Guttannen,Holz,70
Guttannen,Keine,19
Guttannen,Luft,4
Guttannen,Weitere,2
Gündlischwand,Elektrizität,9
Gündlischwand,Heizöl,57
Gündlischwand,Holz,71
Gündlischwand,Keine,5
Gündlischwand,Luft,9
Gündlischwand,Weitere,4
Habkern,Elektrizität,31
Habkern,Gas,1
Habkern,Geothermie,1
Habkern,Heizöl,81
Habkern,Holz,192
Habkern,Keine,14
Habkern,Luft,6
Habkern,Weitere,6
Hagneck,Elektrizität,17
Hagneck,Geothermie,4
Hagneck,Heizöl,70
Hagneck,Holz,14
Hagneck,Keine,4
Hagneck,Luft,17
Hagneck,Weitere,31
Hasle bei Burgdorf,Elektrizität,41
Hasle bei Burgdorf,Fernwärme,21
Hasle bei Burgdorf,Gas,7
Hasle bei Burgdorf,Heizöl,300
Hasle bei Burgdorf,Holz,321
Hasle bei Burgdorf,Keine,78
Hasle bei Burgdorf,Luft,27
Hasle bei Burgdorf,Sonne,5
Hasle bei Burgdorf,Wasser,1
Hasle bei Burgdorf,Weitere,180
Hasliberg,Elektrizität,18
Hasliberg,Fernwärme,9
Hasliberg,Gas,1
Hasliberg,Heizöl,338
Hasliberg,Holz,330
Hasliberg,Keine,64
Hasliberg,Luft,43
Hasliberg,Sonne,5
Hasliberg,Weitere,72
Heiligenschwendi,Elektrizität,21
Heiligenschwendi,Fernwärme,19
Heiligenschwendi,Gas,1
Heiligenschwendi,Geothermie,6
Heiligenschwendi,Heizöl,80
Heiligenschwendi,Holz,71
Heiligenschwendi,Keine,11
Heiligenschwendi,Luft,14
Heiligenschwendi,Sonne,3
Heiligenschwendi,Weitere,27
Heimberg,Elektrizität,54
Heimberg,Fernwärme,31
Heimberg,Gas,73
Heimberg,Geothermie,14
Heimberg,Heizöl,756
Heimberg,Holz,75
Heimberg,Keine,29
Heimberg,Luft,62
Heimberg,Sonne,2
Heimberg,Wasser,13
Heimberg,Weitere,293
Heimenhausen,Elektrizität,28
Heimenhausen,Fernwärme,2
Heimenhausen,Gas,13
Heimenhausen,Geothermie,2
Heimenhausen,Heizöl,141
Heimenhausen,Holz,70
Heimenhausen,Keine,7
Heimenhausen,Luft,24
Heimenhausen,Sonne,1
Heimenhausen,Weitere,92
Heimiswil,Elektrizität,26
Heimiswil,Fernwärme,4
Heimiswil,Gas,2
Heimiswil,Geothermie,1
Heimiswil,Heizöl,117
Heimiswil,Holz,327
Heimiswil,Keine,10
Heimiswil,Luft,22
Heimiswil,Sonne,2
Heimiswil,Wasser,1
Heimiswil,Weitere,48
Hellsau,Elektrizität,1
Hellsau,Fernwärme,18
Hellsau,Heizöl,30
Hellsau,Holz,10
Hellsau,Keine,44
Hellsau,Luft,3
Hellsau,Weitere,6
Herbligen,Elektrizität,11
Herbligen,Fernwärme,2
Herbligen,Geothermie,12
Herbligen,Heizöl,64
Herbligen,Holz,44
Herbligen,Keine,4
Herbligen,Luft,26
Herbligen,Sonne,1
Herbligen,Weitere,13
Hermrigen,Elektrizität,7
Hermrigen,Geothermie,2
Hermrigen,Heizöl,53
Hermrigen,Holz,18
Hermrigen,Keine,9
Hermrigen,Luft,16
Hermrigen,Weitere,26
Herzogenbuchsee,Elektrizität,72
Herzogenbuchsee,Fernwärme,14
Herzogenbuchsee,Gas,621
Herzogenbuchsee,Geothermie,74
Herzogenbuchsee,Heizöl,534
Herzogenbuchsee,Holz,90
Herzogenbuchsee,Keine,41
Herzogenbuchsee,Luft,129
Herzogenbuchsee,Sonne,4
Herzogenbuchsee,Wasser,2
Herzogenbuchsee,Weitere,187
Hilterfingen,Elektrizität,68
Hilterfingen,Fernwärme,6
Hilterfingen,Gas,316
Hilterfingen,Geothermie,21
Hilterfingen,Heizöl,482
Hilterfingen,Holz,53
Hilterfingen,Keine,31
Hilterfingen,Luft,62
Hilterfingen,Sonne,9
Hilterfingen,Wasser,2
Hilterfingen,Weitere,144
Hindelbank,Elektrizität,49
Hindelbank,Fernwärme,39
Hindelbank,Gas,2
Hindelbank,Geothermie,1
Hindelbank,Heizöl,321
Hindelbank,Holz,75
Hindelbank,Keine,14
Hindelbank,Luft,30
Hindelbank,Wasser,4
Hindelbank,Weitere,87
Hofstetten bei Brienz,Elektrizität,6
Hofstetten bei Brienz,Fernwärme,7
Hofstetten bei Brienz,Gas,1
Hofstetten bei Brienz,Heizöl,105
Hofstetten bei Brienz,Holz,93
Hofstetten bei Brienz,Keine,26
Hofstetten bei Brienz,Luft,17
Hofstetten bei Brienz,Sonne,3
Hofstetten bei Brienz,Wasser,1
Hofstetten bei Brienz,Weitere,17
Homberg,Elektrizität,7
Homberg,Fernwärme,1
Homberg,Heizöl,30
Homberg,Holz,87
Homberg,Keine,10
Homberg,Luft,3
Homberg,Weitere,16
Horrenbach-Buchen,Elektrizität,5
Horrenbach-Buchen,Heizöl,13
Horrenbach-Buchen,Holz,86
Horrenbach-Buchen,Keine,7
Horrenbach-Buchen,Luft,1
Huttwil,Elektrizität,22
Huttwil,Fernwärme,155
Huttwil,Gas,7
Huttwil,Geothermie,83
Huttwil,Heizöl,563
Huttwil,Holz,267
Huttwil,Keine,79
Huttwil,Luft,269
Huttwil,Sonne,2
Huttwil,Wasser,2
Huttwil,Weitere,40
Häutligen,Elektrizität,4
Häutligen,Gas,1
Häutligen,Geothermie,1
Häutligen,Heizöl,10
Häutligen,Holz,41
Häutligen,Keine,4
Häutligen,Luft,3
Häutligen,Weitere,10
Höchstetten,Elektrizität,7
Höchstetten,Fernwärme,5
Höchstetten,Gas,1
Höchstetten,Heizöl,38
Höchstetten,Holz,28
Höchstetten,Keine,53
Höchstetten,Luft,6
Höchstetten,Weitere,12
Iffwil,Elektrizität,3
Iffwil,Fernwärme,17
Iffwil,Geothermie,1
Iffwil,Heizöl,50
Iffwil,Holz,33
Iffwil,Keine,3
Iffwil,Luft,2
Iffwil,Weitere,18
Inkwil,Elektrizität,22
Inkwil,Fernwärme,1
Inkwil,Heizöl,108
Inkwil,Holz,36
Inkwil,Keine,8
Inkwil,Luft,40
Inkwil,Sonne,5
Inkwil,Weitere,49
Innertkirchen,Elektrizität,45
Innertkirchen,Fernwärme,7
Innertkirchen,Gas,2
Innertkirchen,Geothermie,2
Innertkirchen,Heizöl,183
Innertkirchen,Holz,394
Innertkirchen,Keine,46
Innertkirchen,Luft,21
Innertkirchen,Sonne,4
Innertkirchen,Wasser,1
Innertkirchen,Weitere,61
Ins,Elektrizität,29
Ins,Fernwärme,10
Ins,Gas,139
Ins,Geothermie,27
Ins,Heizöl,343
Ins,Holz,94
Ins,Keine,65
Ins,Luft,72
Ins,Weitere,224
Interlaken,Elektrizität,57
Interlaken,Fernwärme,95
Interlaken,Gas,231
Interlaken,Geothermie,4
Interlaken,Heizöl,565
Interlaken,Holz,44
Interlaken,Keine,30
Interlaken,Luft,25
Interlaken,Sonne,1
Interlaken,Wasser,4
Interlaken,Weitere,89
Ipsach,Elektrizität,41
Ipsach,Fernwärme,1
Ipsach,Gas,200
Ipsach,Geothermie,19
Ipsach,Heizöl,296
Ipsach,Holz,23
Ipsach,Keine,20
Ipsach,Luft,49
Ipsach,Weitere,102
Iseltwald,Elektrizität,18
Iseltwald,Fernwärme,2
Iseltwald,Gas,2
Iseltwald,Heizöl,106
Iseltwald,Holz,127
Iseltwald,Keine,3
Iseltwald,Luft,12
Iseltwald,Sonne,2
Iseltwald,Weitere,27
Ittigen,Elektrizität,131
Ittigen,Fernwärme,23
Ittigen,Gas,280
Ittigen,Geothermie,38
Ittigen,Heizöl,957
Ittigen,Holz,65
Ittigen,Keine,19
Ittigen,Luft,41
Ittigen,Sonne,1
Ittigen,Weitere,129
Jaberg,Elektrizität,3
Jaberg,Fernwärme,1
Jaberg,Geothermie,1
Jaberg,Heizöl,56
Jaberg,Holz,17
Jaberg,Keine,6
Jaberg,Luft,6
Jaberg,Weitere,15
Jegenstorf,Elektrizität,37
Jegenstorf,Fernwärme,164
Jegenstorf,Gas,98
Jegenstorf,Geothermie,105
Jegenstorf,Heizöl,528
Jegenstorf,Holz,129
Jegenstorf,Keine,12
Jegenstorf,Luft,106
Jegenstorf,Sonne,3
Jegenstorf,Weitere,183
Jens,Elektrizität,22
Jens,Geothermie,7
Jens,Heizöl,119
Jens,Holz,33
Jens,Keine,19
Jens,Luft,26
Jens,Sonne,1
Jens,Weitere,37
Kallnach,Elektrizität,37
Kallnach,Fernwärme,6
Kallnach,Geothermie,4
Kallnach,Heizöl,312
Kallnach,Holz,139
Kallnach,Keine,25
Kallnach,Luft,37
Kallnach,Sonne,3
Kallnach,Wasser,2
Kallnach,Weitere,153
Kandergrund,Elektrizität,10
Kandergrund,Fernwärme,3
Kandergrund,Gas,1
Kandergrund,Heizöl,136
Kandergrund,Holz,260
Kandergrund,Keine,248
Kandergrund,Luft,5
Kandergrund,Sonne,1
Kandergrund,Wasser,4
Kandergrund,Weitere,23
Kandersteg,Elektrizität,75
Kandersteg,Fernwärme,24
Kandersteg,Heizöl,398
Kandersteg,Holz,195
Kandersteg,Keine,37
Kandersteg,Luft,18
Kandersteg,Weitere,54
Kappelen,Elektrizität,27
Kappelen,Fernwärme,2
Kappelen,Gas,3
Kappelen,Geothermie,4
Kappelen,Heizöl,176
Kappelen,Holz,60
Kappelen,Keine,25
Kappelen,Luft,27
Kappelen,Wasser,5
Kappelen,Weitere,95
Kaufdorf,Elektrizität,21
Kaufdorf,Fernwärme,1
Kaufdorf,Geothermie,10
Kaufdorf,Heizöl,192
Kaufdorf,Holz,34
Kaufdorf,Keine,9
Kaufdorf,Luft,30
Kaufdorf,Sonne,1
Kaufdorf,Weitere,36
Kehrsatz,Elektrizität,93
Kehrsatz,Fernwärme,2
Kehrsatz,Gas,3
Kehrsatz,Geothermie,17
Kehrsatz,Heizöl,406
Kehrsatz,Holz,81
Kehrsatz,Keine,7
Kehrsatz,Luft,63
Kehrsatz,Sonne,8
Kehrsatz,Weitere,107
Kernenried,Elektrizität,5
Kernenried,Fernwärme,12
Kernenried,Heizöl,72
Kernenried,Holz,33
Kernenried,Keine,5
Kernenried,Luft,8
Kernenried,Weitere,15
Kiesen,Elektrizität,17
Kiesen,Fernwärme,2
Kiesen,Geothermie,1
Kiesen,Heizöl,111
Kiesen,Holz,35
Kiesen,Keine,5
Kiesen,Luft,6
Kiesen,Wasser,3
Kiesen,Weitere,65
Kirchberg (BE),Elektrizität,44
Kirchberg (BE),Fernwärme,48
Kirchberg (BE),Gas,406
Kirchberg (BE),Geothermie,6
Kirchberg (BE),Heizöl,440
Kirchberg (BE),Holz,102
Kirchberg (BE),Keine,27
Kirchberg (BE),Luft,58
Kirchberg (BE),Sonne,1
Kirchberg (BE),Wasser,3
Kirchberg (BE),Weitere,244
Kirchdorf (BE),Elektrizität,23
Kirchdorf (BE),Fernwärme,15
Kirchdorf (BE),Gas,1
Kirchdorf (BE),Geothermie,14
Kirchdorf (BE),Heizöl,202
Kirchdorf (BE),Holz,121
Kirchdorf (BE),Keine,20
Kirchdorf (BE),Luft,38
Kirchdorf (BE),Sonne,2
Kirchdorf (BE),Weitere,130
Kirchlindach,Elektrizität,69
Kirchlindach,Fernwärme,150
Kirchlindach,Gas,13
Kirchlindach,Geothermie,42
Kirchlindach,Heizöl,318
Kirchlindach,Holz,95
Kirchlindach,Keine,24
Kirchlindach,Luft,37
Kirchlindach,Sonne,3
Kirchlindach,Weitere,95
Konolfingen,Elektrizität,59
Konolfingen,Fernwärme,11
Konolfingen,Gas,10
Konolfingen,Geothermie,39
Konolfingen,Heizöl,569
Konolfingen,Holz,207
Konolfingen,Keine,93
Konolfingen,Luft,55
Konolfingen,Sonne,8
Konolfingen,Wasser,6
Konolfingen,Weitere,220
Koppigen,Elektrizität,32
Koppigen,Fernwärme,30
Koppigen,Gas,5
Koppigen,Heizöl,321
Koppigen,Holz,78
Koppigen,Keine,47
Koppigen,Luft,42
Koppigen,Sonne,1
Koppigen,Wasser,15
Koppigen,Weitere,118
Krattigen,Elektrizität,37
Krattigen,Fernwärme,3
Krattigen,Gas,1
Krattigen,Heizöl,191
Krattigen,Holz,127
Krattigen,Keine,15
Krattigen,Luft,37
Krattigen,Sonne,4
Krattigen,Weitere,37
Krauchthal,Elektrizität,43
Krauchthal,Fernwärme,33
Krauchthal,Gas,2
Krauchthal,Geothermie,2
Krauchthal,Heizöl,311
Krauchthal,Holz,162
Krauchthal,Keine,10
Krauchthal,Luft,33
Krauchthal,Sonne,1
Krauchthal,Weitere,144
Kriechenwil,Elektrizität,6
Kriechenwil,Fernwärme,8
Kriechenwil,Geothermie,1
Kriechenwil,Heizöl,70
Kriechenwil,Holz,36
Kriechenwil,Keine,6
Kriechenwil,Luft,5
Kriechenwil,Weitere,17
Köniz,Elektrizität,387
Köniz,Fernwärme,331
Köniz,Gas,815
Köniz,Geothermie,1039
Köniz,Heizöl,2977
Köniz,Holz,682
Köniz,Keine,131
Köniz,Luft,594
Köniz,Sonne,7
Köniz,Wasser,10
Köniz,Weitere,299
La Ferrière,Elektrizität,17
La Ferrière,Gas,4
La Ferrière,Heizöl,108
La Ferrière,Holz,65
La Ferrière,Keine,13
La Ferrière,Luft,6
La Ferrière,Sonne,2
La Ferrière,Weitere,14
La Neuveville,Elektrizität,43
La Neuveville,Fernwärme,9
La Neuveville,Gas,3
La Neuveville,Geothermie,5
La Neuveville,Heizöl,614
La Neuveville,Holz,58
La Neuveville,Keine,35
La Neuveville,Luft,64
La Neuveville,Weitere,113
Landiswil,Elektrizität,10
Landiswil,Fernwärme,3
Landiswil,Heizöl,43
Landiswil,Holz,133
Landiswil,Keine,10
Landiswil,Luft,6
Landiswil,Sonne,6
Landiswil,Weitere,7
Langenthal,Elektrizität,78
Langenthal,Fernwärme,23
Langenthal,Gas,1861
Langenthal,Geothermie,9
Langenthal,Heizöl,624
Langenthal,Holz,209
Langenthal,Keine,910
Langenthal,Luft,198
Langenthal,Sonne,13
Langenthal,Wasser,18
Langenthal,Weitere,282
Langnau im Emmental,Elektrizität,113
Langnau im Emmental,Fernwärme,60
Langnau im Emmental,Gas,16
Langnau im Emmental,Geothermie,8
Langnau im Emmental,Heizöl,868
Langnau im Emmental,Holz,745
Langnau im Emmental,Keine,75
Langnau im Emmental,Luft,70
Langnau im Emmental,Sonne,4
Langnau im Emmental,Wasser,4
Langnau im Emmental,Weitere,329
Lauenen,Elektrizität,62
Lauenen,Fernwärme,7
Lauenen,Gas,6
Lauenen,Geothermie,1
Lauenen,Heizöl,122
Lauenen,Holz,199
Lauenen,Keine,21
Lauenen,Sonne,1
Lauenen,Weitere,16
Laupen,Elektrizität,36
Laupen,Fernwärme,34
Laupen,Geothermie,8
Laupen,Heizöl,436
Laupen,Holz,76
Laupen,Keine,11
Laupen,Luft,41
Laupen,Sonne,5
Laupen,Wasser,4
Laupen,Weitere,91
Lauperswil,Elektrizität,42
Lauperswil,Fernwärme,14
Lauperswil,Geothermie,1
Lauperswil,Heizöl,256
Lauperswil,Holz,364
Lauperswil,Keine,32
Lauperswil,Luft,23
Lauperswil,Sonne,1
Lauperswil,Weitere,98
Lauterbrunnen,Elektrizität,137
Lauterbrunnen,Fernwärme,4
Lauterbrunnen,Gas,6
Lauterbrunnen,Geothermie,1
Lauterbrunnen,Heizöl,904
Lauterbrunnen,Holz,433
Lauterbrunnen,Keine,24
Lauterbrunnen,Luft,50
Lauterbrunnen,Sonne,5
Lauterbrunnen,Wasser,2
Lauterbrunnen,Weitere,27
Leissigen,Elektrizität,43
Leissigen,Gas,1
Leissigen,Geothermie,3
Leissigen,Heizöl,195
Leissigen,Holz,110
Leissigen,Keine,11
Leissigen,Luft,36
Leissigen,Sonne,2
Leissigen,Weitere,87
Lengnau (BE),Elektrizität,42
Lengnau (BE),Fernwärme,73
Lengnau (BE),Gas,423
Lengnau (BE),Geothermie,12
Lengnau (BE),Heizöl,482
Lengnau (BE),Holz,32
Lengnau (BE),Keine,24
Lengnau (BE),Luft,90
Lengnau (BE),Weitere,183
Lenk,Elektrizität,253
Lenk,Fernwärme,10
Lenk,Gas,7
Lenk,Geothermie,1
Lenk,Heizöl,625
Lenk,Holz,585
Lenk,Keine,911
Lenk,Luft,73
Lenk,Sonne,5
Lenk,Wasser,2
Lenk,Weitere,148
Leuzigen,Elektrizität,12
Leuzigen,Gas,18
Leuzigen,Geothermie,13
Leuzigen,Heizöl,221
Leuzigen,Holz,71
Leuzigen,Keine,29
Leuzigen,Luft,48
Leuzigen,Sonne,1
Leuzigen,Wasser,1
Leuzigen,Weitere,50
Ligerz,Elektrizität,14
Ligerz,Fernwärme,24
Ligerz,Geothermie,1
Ligerz,Heizöl,102
Ligerz,Holz,16
Ligerz,Keine,4
Ligerz,Luft,30
Ligerz,Weitere,39
Linden,Elektrizität,12
Linden,Fernwärme,41
Linden,Geothermie,6
Linden,Heizöl,111
Linden,Holz,168
Linden,Keine,34
Linden,Luft,19
Linden,Weitere,50
Lotzwil,Elektrizität,14
Lotzwil,Fernwärme,11
Lotzwil,Gas,418
Lotzwil,Geothermie,1
Lotzwil,Heizöl,140
Lotzwil,Holz,56
Lotzwil,Keine,13
Lotzwil,Luft,47
Lotzwil,Sonne,2
Lotzwil,Wasser,1
Lotzwil,Weitere,60
Loveresse,Elektrizität,12
Loveresse,Fernwärme,1
Loveresse,Heizöl,67
Loveresse,Holz,23
Loveresse,Keine,10
Loveresse,Luft,6
Loveresse,Sonne,2
Loveresse,Weitere,24
Lyss,Elektrizität,145
Lyss,Fernwärme,109
Lyss,Gas,629
Lyss,Geothermie,29
Lyss,Heizöl,1123
Lyss,Holz,161
Lyss,Keine,87
Lyss,Luft,114
Lyss,Sonne,18
Lyss,Wasser,11
Lyss,Weitere,452
Lyssach,Elektrizität,25
Lyssach,Fernwärme,30
Lyssach,Gas,79
Lyssach,Heizöl,157
Lyssach,Holz,54
Lyssach,Keine,27
Lyssach,Luft,33
Lyssach,Sonne,2
Lyssach,Wasser,7
Lyssach,Weitere,30
Lüscherz,Elektrizität,46
Lüscherz,Gas,4
Lüscherz,Geothermie,11
Lüscherz,Heizöl,97
Lüscherz,Holz,34
Lüscherz,Keine,16
Lüscherz,Luft,28
Lüscherz,Weitere,46
Lütschental,Elektrizität,12
Lütschental,Gas,1
Lütschental,Heizöl,28
Lütschental,Holz,73
Lütschental,Keine,6
Lütschental,Luft,10
Lütschental,Weitere,8
Lützelflüh,Elektrizität,48
Lützelflüh,Fernwärme,77
Lützelflüh,Gas,5
Lützelflüh,Geothermie,7
Lützelflüh,Heizöl,469
Lützelflüh,Holz,394
Lützelflüh,Keine,74
Lützelflüh,Luft,91
Lützelflüh,Sonne,6
Lützelflüh,Wasser,2
Lützelflüh,Weitere,136
Madiswil,Elektrizität,68
Madiswil,Fernwärme,22
Madiswil,Gas,23
Madiswil,Geothermie,8
Madiswil,Heizöl,355
Madiswil,Holz,302
Madiswil,Keine,48
Madiswil,Luft,45
Madiswil,Weitere,209
Matten bei Interlaken,Elektrizität,45
Matten bei Interlaken,Fernwärme,73
Matten bei Interlaken,Gas,133
Matten bei Interlaken,Heizöl,443
Matten bei Interlaken,Holz,66
Matten bei Interlaken,Keine,39
Matten bei Interlaken,Luft,26
Matten bei Interlaken,Sonne,2
Matten bei Interlaken,Weitere,99
Mattstetten,Elektrizität,12
Mattstetten,Fernwärme,6
Mattstetten,Gas,1
Mattstetten,Geothermie,1
Mattstetten,Heizöl,119
Mattstetten,Holz,23
Mattstetten,Keine,6
Mattstetten,Luft,18
Mattstetten,Weitere,10
Meienried,Heizöl,13
Meienried,Holz,5
Meienried,Luft,2
Meienried,Weitere,1
Meikirch,Elektrizität,76
Meikirch,Fernwärme,18
Meikirch,Gas,2
Meikirch,Geothermie,55
Meikirch,Heizöl,317
Meikirch,Holz,126
Meikirch,Keine,47
Meikirch,Luft,51
Meikirch,Sonne,1
Meikirch,Weitere,71
Meinisberg,Elektrizität,24
Meinisberg,Fernwärme,13
Meinisberg,Gas,1
Meinisberg,Geothermie,3
Meinisberg,Heizöl,262
Meinisberg,Holz,22
Meinisberg,Keine,13
Meinisberg,Luft,43
Meinisberg,Sonne,1
Meinisberg,Weitere,85
Meiringen,Elektrizität,29
Meiringen,Fernwärme,119
Meiringen,Gas,4
Meiringen,Geothermie,11
Meiringen,Heizöl,784
Meiringen,Holz,323
Meiringen,Keine,101
Meiringen,Luft,54
Meiringen,Sonne,3
Meiringen,Wasser,12
Meiringen,Weitere,234
Melchnau,Elektrizität,25
Melchnau,Fernwärme,99
Melchnau,Gas,8
Melchnau,Geothermie,9
Melchnau,Heizöl,166
Melchnau,Holz,101
Melchnau,Keine,24
Melchnau,Luft,45
Melchnau,Sonne,2
Melchnau,Weitere,55
Merzligen,Elektrizität,15
Merzligen,Fernwärme,2
Merzligen,Geothermie,4
Merzligen,Heizöl,64
Merzligen,Holz,20
Merzligen,Keine,2
Merzligen,Luft,12
Merzligen,Sonne,1
Merzligen,Weitere,30
Mirchel,Elektrizität,2
Mirchel,Fernwärme,2
Mirchel,Geothermie,2
Mirchel,Heizöl,70
Mirchel,Holz,54
Mirchel,Keine,23
Mirchel,Luft,10
Mirchel,Weitere,33
Mont-Tramelan,Elektrizität,1
Mont-Tramelan,Heizöl,9
Mont-Tramelan,Holz,20
Mont-Tramelan,Keine,2
Mont-Tramelan,Luft,3
Mont-Tramelan,Weitere,1
Moosseedorf,Elektrizität,25
Moosseedorf,Fernwärme,6
Moosseedorf,Gas,296
Moosseedorf,Geothermie,2
Moosseedorf,Heizöl,199
Moosseedorf,Holz,65
Moosseedorf,Keine,18
Moosseedorf,Luft,22
Moosseedorf,Sonne,2
Moosseedorf,Weitere,51
Moutier,Elektrizität,41
Moutier,Fernwärme,2
Moutier,Gas,10
Moutier,Geothermie,8
Moutier,Heizöl,1234
Moutier,Holz,91
Moutier,Keine,24
Moutier,Luft,183
Moutier,Sonne,1
Moutier,Weitere,117
Muri bei Bern,Elektrizität,163
Muri bei Bern,Fernwärme,78
Muri bei Bern,Gas,873
Muri bei Bern,Geothermie,37
Muri bei Bern,Heizöl,1135
Muri bei Bern,Holz,51
Muri bei Bern,Keine,648
Muri bei Bern,Luft,81
Muri bei Bern,Sonne,2
Muri bei Bern,Weitere,222
Mörigen,Elektrizität,28
Mörigen,Fernwärme,2
Mörigen,Gas,2
Mörigen,Geothermie,10
Mörigen,Heizöl,177
Mörigen,Holz,25
Mörigen,Keine,6
Mörigen,Luft,25
Mörigen,Sonne,1
Mörigen,Weitere,40
Mühleberg,Elektrizität,110
Mühleberg,Fernwärme,36
Mühleberg,Gas,3
Mühleberg,Geothermie,8
Mühleberg,Heizöl,415
Mühleberg,Holz,163
Mühleberg,Keine,15
Mühleberg,Luft,60
Mühleberg,Sonne,2
Mühleberg,Wasser,1
Mühleberg,Weitere,94
Münchenbuchsee,Elektrizität,38
Münchenbuchsee,Fernwärme,260
Münchenbuchsee,Gas,22
Münchenbuchsee,Geothermie,46
Münchenbuchsee,Heizöl,1077
Münchenbuchsee,Holz,107
Münchenbuchsee,Keine,24
Münchenbuchsee,Luft,100
Münchenbuchsee,Sonne,3
Münchenbuchsee,Wasser,1
Münchenbuchsee,Weitere,152
Münchenwiler,Elektrizität,7
Münchenwiler,Gas,1
Münchenwiler,Geothermie,11
Münchenwiler,Heizöl,92
Münchenwiler,Holz,11
Münchenwiler,Keine,5
Münchenwiler,Luft,8
Münchenwiler,Weitere,62
Münsingen,Elektrizität,57
Münsingen,Fernwärme,153
Münsingen,Gas,34
Münsingen,Geothermie,260
Münsingen,Heizöl,1219
Münsingen,Holz,187
Münsingen,Keine,57
Münsingen,Luft,210
Münsingen,Sonne,3
Münsingen,Wasser,236
Münsingen,Weitere,267
Müntschemier,Elektrizität,13
Müntschemier,Fernwärme,5
Müntschemier,Geothermie,21
Müntschemier,Heizöl,205
Müntschemier,Holz,17
Müntschemier,Keine,15
Müntschemier,Luft,45
Müntschemier,Sonne,2
Müntschemier,Wasser,1
Müntschemier,Weitere,93
Neuenegg,Elektrizität,114
Neuenegg,Fernwärme,8
Neuenegg,Gas,15
Neuenegg,Geothermie,30
Neuenegg,Heizöl,621
Neuenegg,Holz,226
Neuenegg,Keine,159
Neuenegg,Luft,102
Neuenegg,Wasser,6
Neuenegg,Weitere,217
Nidau,Elektrizität,19
Nidau,Fernwärme,34
Nidau,Gas,411
Nidau,Geothermie,1
Nidau,Heizöl,404
Nidau,Holz,29
Nidau,Keine,6
Nidau,Luft,46
Nidau,Sonne,3
Nidau,Wasser,1
Nidau,Weitere,18
Niederbipp,Elektrizität,62
Niederbipp,Fernwärme,47
Niederbipp,Gas,86
Niederbipp,Geothermie,2
Niederbipp,Heizöl,765
Niederbipp,Holz,124
Niederbipp,Keine,52
Niederbipp,Luft,144
Niederbipp,Sonne,3
Niederbipp,Weitere,192
Niederhünigen,Elektrizität,3
Niederhünigen,Fernwärme,1
Niederhünigen,Geothermie,5
Niederhünigen,Heizöl,56
Niederhünigen,Holz,65
Niederhünigen,Keine,11
Niederhünigen,Luft,9
Niederhünigen,Sonne,1
Niederhünigen,Weitere,21
Niedermuhlern,Elektrizität,4
Niedermuhlern,Geothermie,1
Niedermuhlern,Heizöl,53
Niedermuhlern,Holz,77
Niedermuhlern,Keine,1
Niedermuhlern,Luft,3
Niedermuhlern,Weitere,24
Niederried bei Interlaken,Elektrizität,12
Niederried bei Interlaken,Fernwärme,1
Niederried bei Interlaken,Gas,1
Niederried bei Interlaken,Geothermie,1
Niederried bei Interlaken,Heizöl,94
Niederried bei Interlaken,Holz,44
Niederried bei Interlaken,Keine,3
Niederried bei Interlaken,Luft,16
Niederried bei Interlaken,Sonne,1
Niederried bei Interlaken,Weitere,36
Niederönz,Elektrizität,19
Niederönz,Fernwärme,1
Niederönz,Gas,121
Niederönz,Geothermie,3
Niederönz,Heizöl,146
Niederönz,Holz,40
Niederönz,Keine,12
Niederönz,Luft,51
Niederönz,Wasser,2
Niederönz,Weitere,59
Nods,Elektrizität,24
Nods,Fernwärme,2
Nods,Gas,11
Nods,Heizöl,142
Nods,Holz,86
Nods,Keine,8
Nods,Luft,7
Nods,Sonne,1
Nods,Weitere,47
Oberbalm,Elektrizität,13
Oberbalm,Fernwärme,8
Oberbalm,Geothermie,2
Oberbalm,Heizöl,61
Oberbalm,Holz,170
Oberbalm,Keine,2
Oberbalm,Luft,5
Oberbalm,Sonne,1
Oberbalm,Weitere,13
Oberbipp,Elektrizität,19
Oberbipp,Fernwärme,3
Oberbipp,Gas,9
Oberbipp,Geothermie,1
Oberbipp,Heizöl,251
Oberbipp,Holz,49
Oberbipp,Keine,33
Oberbipp,Luft,68
Oberbipp,Sonne,4
Oberbipp,Weitere,145
Oberburg,Elektrizität,14
Oberburg,Fernwärme,3
Oberburg,Gas,194
Oberburg,Geothermie,1
Oberburg,Heizöl,208
Oberburg,Holz,162
Oberburg,Keine,19
Oberburg,Luft,69
Oberburg,Sonne,1
Oberburg,Wasser,4
Oberburg,Weitere,52
Oberdiessbach,Elektrizität,42
Oberdiessbach,Fernwärme,32
Oberdiessbach,Gas,3
Oberdiessbach,Geothermie,5
Oberdiessbach,Heizöl,468
Oberdiessbach,Holz,204
Oberdiessbach,Keine,17
Oberdiessbach,Luft,32
Oberdiessbach,Sonne,1
Oberdiessbach,Weitere,211
Oberhofen am Thunersee,Elektrizität,50
Oberhofen am Thunersee,Gas,163
Oberhofen am Thunersee,Geothermie,34
Oberhofen am Thunersee,Heizöl,325
Oberhofen am Thunersee,Holz,53
Oberhofen am Thunersee,Keine,16
Oberhofen am Thunersee,Luft,43
Oberhofen am Thunersee,Sonne,2
Oberhofen am Thunersee,Wasser,2
Oberhofen am Thunersee,Weitere,92
Oberhünigen,Elektrizität,3
Oberhünigen,Fernwärme,2
Oberhünigen,Geothermie,1
Oberhünigen,Heizöl,24
Oberhünigen,Holz,53
Oberhünigen,Keine,7
Oberhünigen,Luft,2
Oberhünigen,Weitere,12
Oberlangenegg,Elektrizität,11
Oberlangenegg,Fernwärme,3
Oberlangenegg,Gas,4
Oberlangenegg,Geothermie,1
Oberlangenegg,Heizöl,34
Oberlangenegg,Holz,77
Oberlangenegg,Keine,4
Oberlangenegg,Luft,3
Oberlangenegg,Weitere,15
Oberried am Brienzersee,Elektrizität,9
Oberried am Brienzersee,Heizöl,120
Oberried am Brienzersee,Holz,71
Oberried am Brienzersee,Keine,7
Oberried am Brienzersee,Luft,15
Oberried am Brienzersee,Wasser,1
Oberried am Brienzersee,Weitere,37
Oberthal,Elektrizität,20
Oberthal,Fernwärme,1
Oberthal,Gas,2
Oberthal,Geothermie,2
Oberthal,Heizöl,43
Oberthal,Holz,165
Oberthal,Keine,6
Oberthal,Luft,5
Oberthal,Sonne,3
Oberthal,Weitere,15
Oberwil bei Büren,Elektrizität,19
Oberwil bei Büren,Fernwärme,12
Oberwil bei Büren,Gas,3
Oberwil bei Büren,Geothermie,3
Oberwil bei Büren,Heizöl,129
Oberwil bei Büren,Holz,67
Oberwil bei Büren,Keine,1
Oberwil bei Büren,Luft,17
Oberwil bei Büren,Sonne,1
Oberwil bei Büren,Weitere,50
Oberwil im Simmental,Elektrizität,17
Oberwil im Simmental,Fernwärme,2
Oberwil im Simmental,Geothermie,2
Oberwil im Simmental,Heizöl,90
Oberwil im Simmental,Holz,220
Oberwil im Simmental,Keine,21
Oberwil im Simmental,Luft,11
Oberwil im Simmental,Sonne,1
Oberwil im Simmental,Weitere,10
Ochlenberg,Elektrizität,5
Ochlenberg,Fernwärme,1
Ochlenberg,Gas,3
Ochlenberg,Geothermie,3
Ochlenberg,Heizöl,31
Ochlenberg,Holz,149
Ochlenberg,Keine,14
Ochlenberg,Luft,13
Ochlenberg,Wasser,1
Ochlenberg,Weitere,10
Oeschenbach,Elektrizität,3
Oeschenbach,Fernwärme,2
Oeschenbach,Heizöl,24
Oeschenbach,Holz,57
Oeschenbach,Keine,8
Oeschenbach,Luft,2
Oeschenbach,Weitere,2
Oppligen,Elektrizität,11
Oppligen,Fernwärme,1
Oppligen,Geothermie,4
Oppligen,Heizöl,79
Oppligen,Holz,40
Oppligen,Keine,8
Oppligen,Luft,14
Oppligen,Sonne,1
Oppligen,Wasser,1
Oppligen,Weitere,26
Orpund,Elektrizität,40
Orpund,Fernwärme,4
Orpund,Gas,79
Orpund,Geothermie,13
Orpund,Heizöl,339
Orpund,Holz,40
Orpund,Keine,31
Orpund,Luft,60
Orpund,Weitere,99
Orvin,Elektrizität,70
Orvin,Fernwärme,5
Orvin,Gas,3
Orvin,Heizöl,298
Orvin,Holz,195
Orvin,Keine,36
Orvin,Luft,36
Orvin,Weitere,48
Ostermundigen,Elektrizität,65
Ostermundigen,Fernwärme,43
Ostermundigen,Gas,453
Ostermundigen,Geothermie,43
Ostermundigen,Heizöl,1027
Ostermundigen,Holz,57
Ostermundigen,Keine,25
Ostermundigen,Luft,79
Ostermundigen,Sonne,3
Ostermundigen,Wasser,4
Ostermundigen,Weitere,197
Perrefitte,Elektrizität,6
Perrefitte,Gas,1
Perrefitte,Geothermie,2
Perrefitte,Heizöl,118
Perrefitte,Holz,33
Perrefitte,Keine,4
Perrefitte,Luft,10
Perrefitte,Weitere,17
Petit-Val,Fernwärme,9
Petit-Val,Gas,1
Petit-Val,Heizöl,52
Petit-Val,Holz,107
Petit-Val,Keine,10
Petit-Val,Luft,6
Petit-Val,Weitere,6
Pieterlen,Elektrizität,86
Pieterlen,Fernwärme,75
Pieterlen,Gas,2
Pieterlen,Geothermie,3
Pieterlen,Heizöl,483
Pieterlen,Holz,68
Pieterlen,Keine,15
Pieterlen,Luft,59
Pieterlen,Wasser,1
Pieterlen,Weitere,237
Plateau de Diesse,Elektrizität,54
Plateau de Diesse,Fernwärme,2
Plateau de Diesse,Gas,6
Plateau de Diesse,Geothermie,2
Plateau de Diesse,Heizöl,397
Plateau de Diesse,Holz,141
Plateau de Diesse,Keine,35
Plateau de Diesse,Luft,91
Plateau de Diesse,Sonne,3
Plateau de Diesse,Weitere,94
Pohlern,Elektrizität,4
Pohlern,Fernwärme,1
Pohlern,Gas,1
Pohlern,Heizöl,35
Pohlern,Holz,27
Pohlern,Keine,4
Pohlern,Luft,6
Pohlern,Weitere,6
Port,Elektrizität,42
Port,Fernwärme,144
Port,Gas,69
Port,Geothermie,8
Port,Heizöl,354
Port,Holz,60
Port,Keine,4
Port,Luft,77
Port,Sonne,2
Port,Wasser,1
Port,Weitere,111
Péry-La Heutte,Elektrizität,40
Péry-La Heutte,Fernwärme,13
Péry-La Heutte,Gas,3
Péry-La Heutte,Geothermie,2
Péry-La Heutte,Heizöl,374
Péry-La Heutte,Holz,65
Péry-La Heutte,Keine,8
Péry-La Heutte,Luft,29
Péry-La Heutte,Weitere,67
Radelfingen,Elektrizität,24
Radelfingen,Fernwärme,3
Radelfingen,Gas,3
Radelfingen,Geothermie,4
Radelfingen,Heizöl,119
Radelfingen,Holz,148
Radelfingen,Keine,48
Radelfingen,Luft,20
Radelfingen,Wasser,1
Radelfingen,Weitere,74
Rapperswil (BE),Elektrizität,31
Rapperswil (BE),Fernwärme,51
Rapperswil (BE),Gas,7
Rapperswil (BE),Geothermie,5
Rapperswil (BE),Heizöl,370
Rapperswil (BE),Holz,226
Rapperswil (BE),Keine,73
Rapperswil (BE),Luft,34
Rapperswil (BE),Wasser,1
Rapperswil (BE),Weitere,166
Rebévelier,Heizöl,6
Rebévelier,Holz,9
Rebévelier,Keine,1
Reconvilier,Elektrizität,19
Reconvilier,Fernwärme,66
Reconvilier,Gas,2
Reconvilier,Heizöl,438
Reconvilier,Holz,45
Reconvilier,Keine,17
Reconvilier,Luft,56
Reconvilier,Sonne,1
Reconvilier,Weitere,46
Reichenbach im Kandertal,Elektrizität,126
Reichenbach im Kandertal,Fernwärme,13
Reichenbach im Kandertal,Gas,5
Reichenbach im Kandertal,Geothermie,2
Reichenbach im Kandertal,Heizöl,443
Reichenbach im Kandertal,Holz,895
Reichenbach im Kandertal,Keine,71
Reichenbach im Kandertal,Luft,40
Reichenbach im Kandertal,Sonne,1
Reichenbach im Kandertal,Wasser,1
Reichenbach im Kandertal,Weitere,170
Reisiswil,Elektrizität,1
Reisiswil,Geothermie,1
Reisiswil,Heizöl,21
Reisiswil,Holz,29
Reisiswil,Keine,10
Reisiswil,Luft,2
Reisiswil,Weitere,9
Renan (BE),Elektrizität,4
Renan (BE),Fernwärme,57
Renan (BE),Gas,7
Renan (BE),Geothermie,3
Renan (BE),Heizöl,92
Renan (BE),Holz,77
Renan (BE),Keine,8
Renan (BE),Luft,37
Renan (BE),Sonne,2
Renan (BE),Weitere,4
Reutigen,Elektrizität,18
Reutigen,Fernwärme,79
Reutigen,Geothermie,5
Reutigen,Heizöl,155
Reutigen,Holz,108
Reutigen,Keine,13
Reutigen,Luft,17
Reutigen,Sonne,8
Reutigen,Weitere,21
Riggisberg,Elektrizität,34
Riggisberg,Fernwärme,53
Riggisberg,Geothermie,6
Riggisberg,Heizöl,420
Riggisberg,Holz,251
Riggisberg,Keine,41
Riggisberg,Luft,23
Riggisberg,Sonne,3
Riggisberg,Weitere,144
Ringgenberg (BE),Elektrizität,46
Ringgenberg (BE),Fernwärme,14
Ringgenberg (BE),Gas,11
Ringgenberg (BE),Geothermie,2
Ringgenberg (BE),Heizöl,509
Ringgenberg (BE),Holz,192
Ringgenberg (BE),Keine,377
Ringgenberg (BE),Luft,82
Ringgenberg (BE),Sonne,6
Ringgenberg (BE),Weitere,119
Roches (BE),Elektrizität,3
Roches (BE),Heizöl,51
Roches (BE),Holz,20
Roches (BE),Keine,1
Roches (BE),Luft,6
Roches (BE),Weitere,3
Roggwil (BE),Elektrizität,45
Roggwil (BE),Fernwärme,41
Roggwil (BE),Geothermie,13
Roggwil (BE),Heizöl,697
Roggwil (BE),Holz,122
Roggwil (BE),Keine,54
Roggwil (BE),Luft,115
Roggwil (BE),Sonne,8
Roggwil (BE),Weitere,251
Rohrbach,Elektrizität,30
Rohrbach,Fernwärme,22
Rohrbach,Gas,2
Rohrbach,Geothermie,3
Rohrbach,Heizöl,211
Rohrbach,Holz,95
Rohrbach,Keine,12
Rohrbach,Luft,54
Rohrbach,Sonne,3
Rohrbach,Weitere,49
Rohrbachgraben,Elektrizität,3
Rohrbachgraben,Fernwärme,4
Rohrbachgraben,Heizöl,27
Rohrbachgraben,Holz,83
Rohrbachgraben,Keine,1
Rohrbachgraben,Luft,9
Rohrbachgraben,Sonne,1
Rohrbachgraben,Weitere,7
Romont (BE),Elektrizität,3
Romont (BE),Gas,1
Romont (BE),Heizöl,41
Romont (BE),Holz,32
Romont (BE),Keine,9
Romont (BE),Luft,8
Romont (BE),Weitere,13
Rubigen,Elektrizität,61
Rubigen,Fernwärme,60
Rubigen,Gas,92
Rubigen,Geothermie,4
Rubigen,Heizöl,319
Rubigen,Holz,68
Rubigen,Keine,11
Rubigen,Luft,38
Rubigen,Wasser,2
Rubigen,Weitere,130
Rumendingen,Elektrizität,2
Rumendingen,Fernwärme,9
Rumendingen,Heizöl,8
Rumendingen,Holz,19
Rumendingen,Keine,5
Rumendingen,Weitere,1
Rumisberg,Elektrizität,22
Rumisberg,Fernwärme,2
Rumisberg,Heizöl,103
Rumisberg,Holz,36
Rumisberg,Keine,12
Rumisberg,Luft,16
Rumisberg,Sonne,2
Rumisberg,Weitere,29
Röthenbach im Emmental,Elektrizität,12
Röthenbach im Emmental,Fernwärme,22
Röthenbach im Emmental,Gas,1
Röthenbach im Emmental,Geothermie,3
Röthenbach im Emmental,Heizöl,74
Röthenbach im Emmental,Holz,244
Röthenbach im Emmental,Keine,48
Röthenbach im Emmental,Luft,7
Röthenbach im Emmental,Sonne,1
Röthenbach im Emmental,Weitere,14
Rüderswil,Elektrizität,26
Rüderswil,Fernwärme,17
Rüderswil,Geothermie,1
Rüderswil,Heizöl,193
Rüderswil,Holz,333
Rüderswil,Keine,41
Rüderswil,Luft,27
Rüderswil,Sonne,13
Rüderswil,Wasser,1
Rüderswil,Weitere,80
Rüdtligen-Alchenflüh,Elektrizität,19
Rüdtligen-Alchenflüh,Fernwärme,7
Rüdtligen-Alchenflüh,Gas,91
Rüdtligen-Alchenflüh,Geothermie,2
Rüdtligen-Alchenflüh,Heizöl,206
Rüdtligen-Alchenflüh,Holz,29
Rüdtligen-Alchenflüh,Keine,10
Rüdtligen-Alchenflüh,Luft,27
Rüdtligen-Alchenflüh,Sonne,3
Rüdtligen-Alchenflüh,Wasser,3
Rüdtligen-Alchenflüh,Weitere,70
Rüeggisberg,Elektrizität,36
Rüeggisberg,Fernwärme,14
Rüeggisberg,Gas,2
Rüeggisberg,Geothermie,1
Rüeggisberg,Heizöl,171
Rüeggisberg,Holz,376
Rüeggisberg,Keine,70
Rüeggisberg,Luft,16
Rüeggisberg,Sonne,3
Rüeggisberg,Weitere,51
Rüegsau,Elektrizität,43
Rüegsau,Fernwärme,10
Rüegsau,Gas,6
Rüegsau,Geothermie,1
Rüegsau,Heizöl,334
Rüegsau,Holz,296
Rüegsau,Keine,21
Rüegsau,Luft,59
Rüegsau,Sonne,7
Rüegsau,Wasser,4
Rüegsau,Weitere,87
Rüschegg,Elektrizität,80
Rüschegg,Fernwärme,55
Rüschegg,Gas,4
Rüschegg,Geothermie,30
Rüschegg,Heizöl,219
Rüschegg,Holz,280
Rüschegg,Keine,30
Rüschegg,Luft,102
Rüschegg,Sonne,2
Rüschegg,Wasser,2
Rüschegg,Weitere,12
Rüti bei Büren,Elektrizität,18
Rüti bei Büren,Fernwärme,4
Rüti bei Büren,Gas,3
Rüti bei Büren,Geothermie,3
Rüti bei Büren,Heizöl,143
Rüti bei Büren,Holz,46
Rüti bei Büren,Keine,4
Rüti bei Büren,Luft,27
Rüti bei Büren,Weitere,49
Rüti bei Lyssach,Elektrizität,6
Rüti bei Lyssach,Fernwärme,1
Rüti bei Lyssach,Heizöl,18
Rüti bei Lyssach,Holz,17
Rüti bei Lyssach,Keine,1
Rüti bei Lyssach,Luft,7
Rüti bei Lyssach,Weitere,7
Rütschelen,Elektrizität,16
Rütschelen,Fernwärme,9
Rütschelen,Gas,1
Rütschelen,Geothermie,3
Rütschelen,Heizöl,76
Rütschelen,Holz,59
Rütschelen,Keine,9
Rütschelen,Luft,19
Rütschelen,Weitere,27
Saanen,Elektrizität,203
Saanen,Fernwärme,209
Saanen,Gas,64
Saanen,Geothermie,50
Saanen,Heizöl,1577
Saanen,Holz,943
Saanen,Keine,247
Saanen,Luft,63
Saanen,Sonne,17
Saanen,Wasser,6
Saanen,Weitere,150
Safnern,Elektrizität,34
Safnern,Fernwärme,12
Safnern,Gas,45
Safnern,Geothermie,5
Safnern,Heizöl,341
Safnern,Holz,33
Safnern,Keine,45
Safnern,Luft,69
Safnern,Sonne,2
Safnern,Weitere,63
Saicourt,Elektrizität,10
Saicourt,Fernwärme,1
Saicourt,Gas,1
Saicourt,Heizöl,136
Saicourt,Holz,55
Saicourt,Keine,21
Saicourt,Luft,22
Saicourt,Weitere,19
Saint-Imier,Elektrizität,104
Saint-Imier,Fernwärme,4
Saint-Imier,Gas,354
Saint-Imier,Geothermie,1
Saint-Imier,Heizöl,522
Saint-Imier,Holz,87
Saint-Imier,Keine,43
Saint-Imier,Luft,43
Saint-Imier,Sonne,2
Saint-Imier,Wasser,1
Saint-Imier,Weitere,47
Sauge,Elektrizität,57
Sauge,Gas,2
Sauge,Heizöl,175
Sauge,Holz,152
Sauge,Keine,7
Sauge,Luft,11
Sauge,Sonne,3
Sauge,Weitere,38
Saules (BE),Elektrizität,10
Saules (BE),Fernwärme,1
Saules (BE),Heizöl,28
Saules (BE),Holz,28
Saules (BE),Luft,4
Saules (BE),Sonne,1
Saules (BE),Weitere,2
Saxeten,Elektrizität,5
Saxeten,Heizöl,19
Saxeten,Holz,65
Saxeten,Keine,51
Saxeten,Weitere,1
Schangnau,Elektrizität,8
Schangnau,Fernwärme,10
Schangnau,Geothermie,2
Schangnau,Heizöl,75
Schangnau,Holz,202
Schangnau,Keine,41
Schangnau,Luft,13
Schangnau,Sonne,2
Schangnau,Weitere,13
Schattenhalb,Elektrizität,6
Schattenhalb,Fernwärme,9
Schattenhalb,Heizöl,114
Schattenhalb,Holz,129
Schattenhalb,Keine,8
Schattenhalb,Luft,14
Schattenhalb,Weitere,13
Schelten,Heizöl,1
Schelten,Holz,13
Schelten,Sonne,1
Scheuren,Elektrizität,3
Scheuren,Fernwärme,3
Scheuren,Gas,2
Scheuren,Geothermie,1
Scheuren,Heizöl,103
Scheuren,Holz,34
Scheuren,Keine,3
Scheuren,Luft,10
Scheuren,Sonne,1
Scheuren,Weitere,26
Schwadernau,Elektrizität,26
Schwadernau,Fernwärme,4
Schwadernau,Gas,3
Schwadernau,Geothermie,1
Schwadernau,Heizöl,113
Schwadernau,Holz,18
Schwadernau,Keine,20
Schwadernau,Luft,24
Schwadernau,Wasser,1
Schwadernau,Weitere,33
Schwanden bei Brienz,Elektrizität,4
Schwanden bei Brienz,Heizöl,144
Schwanden bei Brienz,Holz,75
Schwanden bei Brienz,Keine,10
Schwanden bei Brienz,Luft,27
Schwanden bei Brienz,Sonne,2
Schwanden bei Brienz,Wasser,2
Schwanden bei Brienz,Weitere,14
Schwarzenburg,Elektrizität,95
Schwarzenburg,Fernwärme,236
Schwarzenburg,Gas,2
Schwarzenburg,Geothermie,75
Schwarzenburg,Heizöl,625
Schwarzenburg,Holz,563
Schwarzenburg,Keine,80
Schwarzenburg,Luft,71
Schwarzenburg,Sonne,3
Schwarzenburg,Wasser,1
Schwarzenburg,Weitere,257
Schwarzhäusern,Elektrizität,13
Schwarzhäusern,Geothermie,4
Schwarzhäusern,Heizöl,72
Schwarzhäusern,Holz,35
Schwarzhäusern,Keine,4
Schwarzhäusern,Luft,25
Schwarzhäusern,Weitere,34
Schüpfen,Elektrizität,41
Schüpfen,Fernwärme,284
Schüpfen,Gas,5
Schüpfen,Geothermie,65
Schüpfen,Heizöl,299
Schüpfen,Holz,147
Schüpfen,Keine,77
Schüpfen,Luft,119
Schüpfen,Sonne,1
Schüpfen,Weitere,1
Seeberg,Elektrizität,69
Seeberg,Fernwärme,21
Seeberg,Gas,1
Seeberg,Geothermie,4
Seeberg,Heizöl,176
Seeberg,Holz,181
Seeberg,Keine,59
Seeberg,Luft,53
Seeberg,Sonne,2
Seeberg,Wasser,1
Seeberg,Weitere,83
Seedorf (BE),Elektrizität,39
Seedorf (BE),Fernwärme,40
Seedorf (BE),Gas,1
Seedorf (BE),Geothermie,14
Seedorf (BE),Heizöl,408
Seedorf (BE),Holz,222
Seedorf (BE),Keine,9
Seedorf (BE),Luft,66
Seedorf (BE),Sonne,3
Seedorf (BE),Wasser,4
Seedorf (BE),Weitere,136
Seehof,Elektrizität,1
Seehof,Heizöl,4
Seehof,Holz,23
Seehof,Keine,2
Seftigen,Elektrizität,28
Seftigen,Fernwärme,33
Seftigen,Gas,1
Seftigen,Geothermie,9
Seftigen,Heizöl,236
Seftigen,Holz,84
Seftigen,Keine,11
Seftigen,Luft,42
Seftigen,Sonne,3
Seftigen,Wasser,1
Seftigen,Weitere,142
Signau,Elektrizität,41
Signau,Fernwärme,10
Signau,Geothermie,6
Signau,Heizöl,241
Signau,Holz,336
Signau,Keine,78
Signau,Luft,19
Signau,Sonne,1
Signau,Wasser,2
Signau,Weitere,78
Sigriswil,Elektrizität,89
Sigriswil,Fernwärme,34
Sigriswil,Gas,5
Sigriswil,Geothermie,49
Sigriswil,Heizöl,827
Sigriswil,Holz,449
Sigriswil,Keine,138
Sigriswil,Luft,147
Sigriswil,Sonne,11
Sigriswil,Wasser,2
Sigriswil,Weitere,236
Siselen,Elektrizität,15
Siselen,Geothermie,11
Siselen,Heizöl,106
Siselen,Holz,26
Siselen,Keine,11
Siselen,Luft,29
Siselen,Sonne,1
Siselen,Weitere,24
Sonceboz-Sombeval,Elektrizität,20
Sonceboz-Sombeval,Fernwärme,1
Sonceboz-Sombeval,Heizöl,361
Sonceboz-Sombeval,Holz,39
Sonceboz-Sombeval,Keine,10
Sonceboz-Sombeval,Luft,17
Sonceboz-Sombeval,Wasser,1
Sonceboz-Sombeval,Weitere,81
Sonvilier,Elektrizität,7
Sonvilier,Gas,8
Sonvilier,Heizöl,231
Sonvilier,Holz,108
Sonvilier,Keine,12
Sonvilier,Luft,25
Sonvilier,Sonne,1
Sonvilier,Weitere,1
Sorvilier,Elektrizität,5
Sorvilier,Fernwärme,13
Sorvilier,Gas,1
Sorvilier,Heizöl,59
Sorvilier,Holz,30
Sorvilier,Keine,1
Sorvilier,Luft,10
Sorvilier,Weitere,6
Spiez,Elektrizität,282
Spiez,Fernwärme,38
Spiez,Gas,25
Spiez,Geothermie,8
Spiez,Heizöl,1885
Spiez,Holz,398
Spiez,Keine,87
Spiez,Luft,255
Spiez,Sonne,2
Spiez,Wasser,3
Spiez,Weitere,659
St. Stephan,Elektrizität,67
St. Stephan,Fernwärme,10
St. Stephan,Gas,9
St. Stephan,Geothermie,1
St. Stephan,Heizöl,158
St. Stephan,Holz,366
St. Stephan,Keine,105
St. Stephan,Luft,18
St. Stephan,Sonne,1
St. Stephan,Weitere,20
Steffisburg,Elektrizität,114
Steffisburg,Fernwärme,260
Steffisburg,Gas,971
Steffisburg,Geothermie,38
Steffisburg,Heizöl,1342
Steffisburg,Holz,235
Steffisburg,Keine,110
Steffisburg,Luft,133
Steffisburg,Sonne,10
Steffisburg,Wasser,6
Steffisburg,Weitere,329
Stettlen,Elektrizität,93
Stettlen,Fernwärme,6
Stettlen,Gas,8
Stettlen,Geothermie,22
Stettlen,Heizöl,365
Stettlen,Holz,46
Stettlen,Keine,4
Stettlen,Luft,65
Stettlen,Sonne,2
Stettlen,Wasser,8
Stettlen,Weitere,89
Stocken-Höfen,Elektrizität,13
Stocken-Höfen,Heizöl,145
Stocken-Höfen,Holz,113
Stocken-Höfen,Keine,57
Stocken-Höfen,Luft,16
Stocken-Höfen,Sonne,2
Stocken-Höfen,Weitere,58
Studen (BE),Elektrizität,58
Studen (BE),Fernwärme,2
Studen (BE),Gas,19
Studen (BE),Geothermie,2
Studen (BE),Heizöl,324
Studen (BE),Holz,24
Studen (BE),Keine,33
Studen (BE),Luft,72
Studen (BE),Wasser,2
Studen (BE),Weitere,102
Sumiswald,Elektrizität,66
Sumiswald,Fernwärme,385
Sumiswald,Gas,2
Sumiswald,Geothermie,4
Sumiswald,Heizöl,342
Sumiswald,Holz,624
Sumiswald,Keine,207
Sumiswald,Luft,40
Sumiswald,Sonne,8
Sumiswald,Wasser,3
Sumiswald,Weitere,101
Sutz-Lattrigen,Elektrizität,73
Sutz-Lattrigen,Fernwärme,7
Sutz-Lattrigen,Gas,2
Sutz-Lattrigen,Geothermie,6
Sutz-Lattrigen,Heizöl,198
Sutz-Lattrigen,Holz,40
Sutz-Lattrigen,Keine,22
Sutz-Lattrigen,Luft,58
Sutz-Lattrigen,Weitere,41
Tavannes,Elektrizität,19
Tavannes,Fernwärme,7
Tavannes,Gas,2
Tavannes,Geothermie,2
Tavannes,Heizöl,555
Tavannes,Holz,78
Tavannes,Keine,60
Tavannes,Luft,76
Tavannes,Wasser,1
Tavannes,Weitere,85
Teuffenthal (BE),Elektrizität,4
Teuffenthal (BE),Fernwärme,2
Teuffenthal (BE),Heizöl,14
Teuffenthal (BE),Holz,40
Teuffenthal (BE),Keine,3
Teuffenthal (BE),Weitere,2
Thierachern,Elektrizität,18
Thierachern,Fernwärme,30
Thierachern,Geothermie,5
Thierachern,Heizöl,281
Thierachern,Holz,104
Thierachern,Keine,70
Thierachern,Luft,23
Thierachern,Wasser,1
Thierachern,Weitere,154
Thun,Elektrizität,237
Thun,Fernwärme,103
Thun,Gas,3197
Thun,Geothermie,37
Thun,Heizöl,2976
Thun,Holz,297
Thun,Keine,508
Thun,Luft,338
Thun,Sonne,9
Thun,Wasser,72
Thun,Weitere,549
Thunstetten,Elektrizität,50
Thunstetten,Fernwärme,8
Thunstetten,Gas,115
Thunstetten,Geothermie,9
Thunstetten,Heizöl,384
Thunstetten,Holz,89
Thunstetten,Keine,80
Thunstetten,Luft,109
Thunstetten,Sonne,5
Thunstetten,Weitere,171
Thurnen,Elektrizität,30
Thurnen,Fernwärme,1
Thurnen,Gas,1
Thurnen,Geothermie,3
Thurnen,Heizöl,234
Thurnen,Holz,101
Thurnen,Keine,13
Thurnen,Luft,46
Thurnen,Sonne,3
Thurnen,Weitere,144
Thörigen,Elektrizität,26
Thörigen,Fernwärme,3
Thörigen,Gas,46
Thörigen,Heizöl,138
Thörigen,Holz,45
Thörigen,Keine,3
Thörigen,Luft,13
Thörigen,Wasser,2
Thörigen,Weitere,67
Toffen,Elektrizität,45
Toffen,Fernwärme,6
Toffen,Geothermie,7
Toffen,Heizöl,346
Toffen,Holz,58
Toffen,Keine,7
Toffen,Luft,82
Toffen,Weitere,104
Trachselwald,Elektrizität,10
Trachselwald,Fernwärme,4
Trachselwald,Geothermie,1
Trachselwald,Heizöl,59
Trachselwald,Holz,252
Trachselwald,Keine,29
Trachselwald,Luft,8
Trachselwald,Weitere,17
Tramelan,Elektrizität,29
Tramelan,Fernwärme,5
Tramelan,Gas,5
Tramelan,Heizöl,774
Tramelan,Holz,138
Tramelan,Keine,125
Tramelan,Luft,107
Tramelan,Sonne,4
Tramelan,Weitere,176
Treiten,Elektrizität,10
Treiten,Geothermie,5
Treiten,Heizöl,78
Treiten,Holz,15
Treiten,Keine,9
Treiten,Luft,9
Treiten,Weitere,29
Trub,Elektrizität,7
Trub,Fernwärme,2
Trub,Geothermie,1
Trub,Heizöl,61
Trub,Holz,385
Trub,Keine,33
Trub,Luft,11
Trub,Sonne,4
Trub,Weitere,10
Trubschachen,Elektrizität,26
Trubschachen,Fernwärme,1
Trubschachen,Gas,1
Trubschachen,Heizöl,126
Trubschachen,Holz,171
Trubschachen,Keine,12
Trubschachen,Luft,18
Trubschachen,Sonne,2
Trubschachen,Wasser,1
Trubschachen,Weitere,51
Tschugg,Elektrizität,9
Tschugg,Gas,2
Tschugg,Heizöl,67
Tschugg,Holz,21
Tschugg,Keine,6
Tschugg,Luft,23
Tschugg,Weitere,26
Twann-Tüscherz,Elektrizität,73
Twann-Tüscherz,Fernwärme,1
Twann-Tüscherz,Gas,19
Twann-Tüscherz,Geothermie,3
Twann-Tüscherz,Heizöl,229
Twann-Tüscherz,Holz,65
Twann-Tüscherz,Keine,20
Twann-Tüscherz,Luft,29
Twann-Tüscherz,Wasser,1
Twann-Tüscherz,Weitere,48
Täuffelen,Elektrizität,84
Täuffelen,Fernwärme,2
Täuffelen,Gas,3
Täuffelen,Geothermie,33
Täuffelen,Heizöl,393
Täuffelen,Holz,35
Täuffelen,Keine,45
Täuffelen,Luft,106
Täuffelen,Wasser,2
Täuffelen,Weitere,145
Uebeschi,Elektrizität,10
Uebeschi,Gas,3
Uebeschi,Geothermie,13
Uebeschi,Heizöl,76
Uebeschi,Holz,64
Uebeschi,Keine,12
Uebeschi,Luft,20
Uebeschi,Sonne,1
Uebeschi,Weitere,26
Uetendorf,Elektrizität,66
Uetendorf,Fernwärme,125
Uetendorf,Gas,11
Uetendorf,Geothermie,58
Uetendorf,Heizöl,731
Uetendorf,Holz,150
Uetendorf,Keine,107
Uetendorf,Luft,123
Uetendorf,Wasser,102
Uetendorf,Weitere,170
Unterlangenegg,Elektrizität,23
Unterlangenegg,Fernwärme,8
Unterlangenegg,Heizöl,89
Unterlangenegg,Holz,132
Unterlangenegg,Keine,5
Unterlangenegg,Luft,9
Unterlangenegg,Sonne,4
Unterlangenegg,Weitere,55
Unterseen,Elektrizität,85
Unterseen,Fernwärme,94
Unterseen,Gas,254
Unterseen,Heizöl,604
Unterseen,Holz,105
Unterseen,Keine,40
Unterseen,Luft,59
Unterseen,Sonne,1
Unterseen,Weitere,179
Ursenbach,Elektrizität,23
Ursenbach,Fernwärme,2
Ursenbach,Heizöl,96
Ursenbach,Holz,139
Ursenbach,Keine,5
Ursenbach,Luft,11
Ursenbach,Weitere,32
Urtenen-Schönbühl,Elektrizität,19
Urtenen-Schönbühl,Fernwärme,187
Urtenen-Schönbühl,Gas,174
Urtenen-Schönbühl,Geothermie,14
Urtenen-Schönbühl,Heizöl,323
Urtenen-Schönbühl,Holz,57
Urtenen-Schönbühl,Keine,182
Urtenen-Schönbühl,Luft,27
Urtenen-Schönbühl,Sonne,2
Urtenen-Schönbühl,Weitere,137
Uttigen,Elektrizität,14
Uttigen,Fernwärme,4
Uttigen,Gas,2
Uttigen,Geothermie,5
Uttigen,Heizöl,262
Uttigen,Holz,51
Uttigen,Keine,17
Uttigen,Luft,17
Uttigen,Wasser,7
Uttigen,Weitere,184
Utzenstorf,Elektrizität,57
Utzenstorf,Fernwärme,7
Utzenstorf,Gas,231
Utzenstorf,Geothermie,11
Utzenstorf,Heizöl,427
Utzenstorf,Holz,128
Utzenstorf,Keine,34
Utzenstorf,Luft,82
Utzenstorf,Sonne,2
Utzenstorf,Wasser,36
Utzenstorf,Weitere,203
Valbirse,Elektrizität,47
Valbirse,Fernwärme,13
Valbirse,Heizöl,751
Valbirse,Holz,92
Valbirse,Keine,40
Valbirse,Luft,66
Valbirse,Sonne,1
Valbirse,Wasser,2
Valbirse,Weitere,111
Vechigen,Elektrizität,82
Vechigen,Fernwärme,85
Vechigen,Gas,1
Vechigen,Geothermie,34
Vechigen,Heizöl,627
Vechigen,Holz,430
Vechigen,Keine,154
Vechigen,Luft,69
Vechigen,Sonne,5
Vechigen,Wasser,3
Vechigen,Weitere,293
Villeret,Elektrizität,14
Villeret,Fernwärme,58
Villeret,Gas,27
Villeret,Geothermie,1
Villeret,Heizöl,146
Villeret,Holz,45
Villeret,Keine,16
Villeret,Luft,9
Villeret,Sonne,2
Villeret,Weitere,12
Vinelz,Elektrizität,63
Vinelz,Fernwärme,47
Vinelz,Gas,1
Vinelz,Geothermie,43
Vinelz,Heizöl,114
Vinelz,Holz,39
Vinelz,Keine,37
Vinelz,Luft,32
Vinelz,Sonne,1
Vinelz,Weitere,42
Wachseldorn,Elektrizität,3
Wachseldorn,Geothermie,1
Wachseldorn,Heizöl,17
Wachseldorn,Holz,46
Wachseldorn,Luft,1
Wachseldorn,Weitere,6
Wald (BE),Elektrizität,25
Wald (BE),Fernwärme,12
Wald (BE),Gas,2
Wald (BE),Geothermie,22
Wald (BE),Heizöl,132
Wald (BE),Holz,124
Wald (BE),Keine,299
Wald (BE),Luft,34
Wald (BE),Weitere,44
Walkringen,Elektrizität,29
Walkringen,Fernwärme,8
Walkringen,Gas,1
Walkringen,Geothermie,1
Walkringen,Heizöl,215
Walkringen,Holz,267
Walkringen,Keine,11
Walkringen,Luft,12
Walkringen,Sonne,1
Walkringen,Weitere,47
Walliswil bei Niederbipp,Elektrizität,2
Walliswil bei Niederbipp,Geothermie,1
Walliswil bei Niederbipp,Heizöl,36
Walliswil bei Niederbipp,Holz,14
Walliswil bei Niederbipp,Keine,31
Walliswil bei Niederbipp,Luft,11
Walliswil bei Niederbipp,Weitere,13
Walliswil bei Wangen,Elektrizität,12
Walliswil bei Wangen,Fernwärme,3
Walliswil bei Wangen,Gas,1
Walliswil bei Wangen,Heizöl,107
Walliswil bei Wangen,Holz,39
Walliswil bei Wangen,Keine,4
Walliswil bei Wangen,Luft,27
Walliswil bei Wangen,Sonne,1
Walliswil bei Wangen,Weitere,36
Walperswil,Elektrizität,26
Walperswil,Gas,2
Walperswil,Geothermie,7
Walperswil,Heizöl,126
Walperswil,Holz,43
Walperswil,Keine,10
Walperswil,Luft,41
Walperswil,Sonne,1
Walperswil,Wasser,1
Walperswil,Weitere,73
Walterswil (BE),Elektrizität,10
Walterswil (BE),Fernwärme,2
Walterswil (BE),Geothermie,4
Walterswil (BE),Heizöl,32
Walterswil (BE),Holz,106
Walterswil (BE),Keine,4
Walterswil (BE),Luft,11
Walterswil (BE),Sonne,1
Walterswil (BE),Weitere,11
Wangen an der Aare,Elektrizität,51
Wangen an der Aare,Fernwärme,43
Wangen an der Aare,Heizöl,378
Wangen an der Aare,Holz,67
Wangen an der Aare,Keine,41
Wangen an der Aare,Luft,96
Wangen an der Aare,Sonne,1
Wangen an der Aare,Wasser,1
Wangen an der Aare,Weitere,126
Wattenwil,Elektrizität,50
Wattenwil,Fernwärme,39
Wattenwil,Geothermie,5
Wattenwil,Heizöl,335
Wattenwil,Holz,254
Wattenwil,Keine,38
Wattenwil,Luft,57
Wattenwil,Sonne,5
Wattenwil,Weitere,103
Wengi,Elektrizität,4
Wengi,Fernwärme,4
Wengi,Gas,1
Wengi,Geothermie,1
Wengi,Heizöl,89
Wengi,Holz,55
Wengi,Keine,13
Wengi,Luft,18
Wengi,Sonne,4
Wengi,Wasser,1
Wengi,Weitere,40
Wichtrach,Elektrizität,78
Wichtrach,Fernwärme,2
Wichtrach,Gas,1
Wichtrach,Geothermie,31
Wichtrach,Heizöl,410
Wichtrach,Holz,108
Wichtrach,Keine,32
Wichtrach,Luft,134
Wichtrach,Sonne,3
Wichtrach,Wasser,52
Wichtrach,Weitere,134
Wiedlisbach,Elektrizität,37
Wiedlisbach,Fernwärme,21
Wiedlisbach,Gas,2
Wiedlisbach,Geothermie,2
Wiedlisbach,Heizöl,429
Wiedlisbach,Holz,55
Wiedlisbach,Keine,16
Wiedlisbach,Luft,83
Wiedlisbach,Wasser,1
Wiedlisbach,Weitere,89
Wiggiswil,Elektrizität,2
Wiggiswil,Heizöl,13
Wiggiswil,Holz,12
Wiggiswil,Keine,2
Wiggiswil,Weitere,3
Wilderswil,Elektrizität,52
Wilderswil,Fernwärme,20
Wilderswil,Gas,2
Wilderswil,Heizöl,466
Wilderswil,Holz,150
Wilderswil,Keine,44
Wilderswil,Luft,69
Wilderswil,Sonne,1
Wilderswil,Weitere,108
Wiler bei Utzenstorf,Elektrizität,21
Wiler bei Utzenstorf,Fernwärme,16
Wiler bei Utzenstorf,Geothermie,3
Wiler bei Utzenstorf,Heizöl,136
Wiler bei Utzenstorf,Holz,37
Wiler bei Utzenstorf,Keine,1
Wiler bei Utzenstorf,Luft,19
Wiler bei Utzenstorf,Sonne,1
Wiler bei Utzenstorf,Weitere,60
Wileroltigen,Elektrizität,2
Wileroltigen,Fernwärme,1
Wileroltigen,Gas,1
Wileroltigen,Geothermie,2
Wileroltigen,Heizöl,58
Wileroltigen,Holz,29
Wileroltigen,Keine,3
Wileroltigen,Luft,10
Wileroltigen,Sonne,1
Wileroltigen,Weitere,22
Willadingen,Elektrizität,1
Willadingen,Fernwärme,5
Willadingen,Heizöl,30
Willadingen,Holz,19
Willadingen,Keine,10
Willadingen,Luft,5
Willadingen,Sonne,1
Willadingen,Weitere,14
Wimmis,Elektrizität,68
Wimmis,Fernwärme,212
Wimmis,Gas,1
Wimmis,Heizöl,226
Wimmis,Holz,113
Wimmis,Keine,6
Wimmis,Luft,58
Wimmis,Sonne,3
Wimmis,Weitere,77
Wohlen bei Bern,Elektrizität,218
Wohlen bei Bern,Fernwärme,110
Wohlen bei Bern,Gas,55
Wohlen bei Bern,Geothermie,91
Wohlen bei Bern,Heizöl,785
Wohlen bei Bern,Holz,363
Wohlen bei Bern,Keine,33
Wohlen bei Bern,Luft,75
Wohlen bei Bern,Sonne,1
Wohlen bei Bern,Weitere,422
Worb,Elektrizität,137
Worb,Fernwärme,288
Worb,Gas,14
Worb,Geothermie,76
Worb,Heizöl,1130
Worb,Holz,274
Worb,Keine,117
Worb,Luft,97
Worb,Wasser,2
Worb,Weitere,386
Worben,Elektrizität,53
Worben,Fernwärme,11
Worben,Gas,5
Worben,Geothermie,2
Worben,Heizöl,240
Worben,Holz,37
Worben,Keine,26
Worben,Luft,106
Worben,Wasser,1
Worben,Weitere,123
Wynau,Elektrizität,27
Wynau,Gas,2
Wynau,Heizöl,327
Wynau,Holz,70
Wynau,Keine,25
Wynau,Luft,37
Wynau,Wasser,1
Wynau,Weitere,88
Wynigen,Elektrizität,33
Wynigen,Fernwärme,29
Wynigen,Gas,1
Wynigen,Geothermie,4
Wynigen,Heizöl,152
Wynigen,Holz,324
Wynigen,Keine,32
Wynigen,Luft,16
Wynigen,Sonne,2
Wynigen,Weitere,108
Wyssachen,Elektrizität,22
Wyssachen,Fernwärme,6
Wyssachen,Gas,2
Wyssachen,Geothermie,3
Wyssachen,Heizöl,134
Wyssachen,Holz,186
Wyssachen,Keine,26
Wyssachen,Luft,11
Wyssachen,Sonne,1
Wyssachen,Weitere,22
Zielebach,Elektrizität,17
Zielebach,Fernwärme,2
Zielebach,Gas,2
Zielebach,Geothermie,1
Zielebach,Heizöl,61
Zielebach,Holz,14
Zielebach,Luft,5
Zielebach,Weitere,16
Zollikofen,Elektrizität,76
Zollikofen,Fernwärme,114
Zollikofen,Gas,394
Zollikofen,Geothermie,43
Zollikofen,Heizöl,789
Zollikofen,Holz,45
Zollikofen,Keine,8
Zollikofen,Luft,55
Zollikofen,Sonne,5
Zollikofen,Wasser,1
Zollikofen,Weitere,220
Zuzwil (BE),Elektrizität,4
Zuzwil (BE),Fernwärme,12
Zuzwil (BE),Geothermie,1
Zuzwil (BE),Heizöl,106
Zuzwil (BE),Holz,28
Zuzwil (BE),Keine,4
Zuzwil (BE),Luft,8
Zuzwil (BE),Sonne,1
Zuzwil (BE),Weitere,24
Zweisimmen,Elektrizität,121
Zweisimmen,Fernwärme,123
Zweisimmen,Gas,8
Zweisimmen,Geothermie,1
Zweisimmen,Heizöl,326
Zweisimmen,Holz,374
Zweisimmen,Keine,142
Zweisimmen,Luft,38
Zweisimmen,Sonne,6
Zweisimmen,Weitere,199
Zäziwil,Elektrizität,30
Zäziwil,Fernwärme,5
Zäziwil,Geothermie,4
Zäziwil,Heizöl,188
Zäziwil,Holz,112
Zäziwil,Keine,33
Zäziwil,Luft,37
Zäziwil,Sonne,4
Zäziwil,Weitere,61
